image,damage_id,damage_type,damage_name_ko,pixel_nodes_json,world_center_x_m,world_center_y_m,world_center_z_m,length_px,length_m,width_px,width_m,area_m2,source_image_path,tile_original_paths_json,tile_overlay_paths_json
DJI_20250702150745_0300_V.JPG,D000001,CRC,균열,"[[997.0,148.5],[996.0,148.5],[995.0,148.5],[994.0,148.5],[993.0,148.5],[992.0,148.5],[991.0,148.5],[990.0,148.5],[989.0,148.5],[988.0,148.5],[987.0,148.5],[986.0,148.5],[985.0,148.5],[984.0,148.5],[983.0,148.5],[982.0,148.5],[981.0,148.5],[980.0,148.5],[979.0,148.5],[978.0,148.5],[977.0,148.5],[976.0,148.5],[975.0,148.5],[974.0,148.5],[973.0,148.5],[972.0,148.5],[971.5,148.0],[972.0,147.5],[973.0,147.5],[974.0,147.5],[975.0,147.5],[976.0,147.5],[977.0,147.5],[978.0,147.5],[979.0,147.5],[980.0,147.5],[981.0,147.5],[982.0,147.5],[983.0,147.5],[984.0,147.5],[985.0,147.5],[986.0,147.5],[987.0,147.5],[988.0,147.5],[989.0,147.5],[990.0,147.5],[991.0,147.5],[992.0,147.5],[993.0,147.5],[994.0,147.5],[995.0,147.5],[996.0,147.5],[997.0,147.5],[997.5,148.0],[997.0,148.5]]",243083.08659744,431111.06099701,80.10286474,126.356632,0.66184848,6.37662,0.03879219,,원본사진/DJI_20250702150745_0300_V.JPG,"[""512원본타일/DJI_20250702150745_0300_V__x00512_y00000.png"",""512원본타일/DJI_20250702150745_0300_V__x01024_y00000.png""]","[""512라벨오버레이/DJI_20250702150745_0300_V__x00512_y00000.png"",""512라벨오버레이/DJI_20250702150745_0300_V__x01024_y00000.png""]"
DJI_20250702150745_0300_V.JPG,D000004,CRC,균열,"[[2552.0,699.5],[2551.5,699.0],[2551.5,698.0],[2551.5,697.0],[2551.5,696.0],[2551.5,695.0],[2551.5,694.0],[2551.5,693.0],[2551.5,692.0],[2551.5,691.0],[2551.5,690.0],[2551.5,689.0],[2551.5,688.0],[2551.5,687.0],[2551.5,686.0],[2551.5,685.0],[2551.5,684.0],[2551.5,683.0],[2551.5,682.0],[2551.5,681.0],[2551.5,680.0],[2552.0,679.5],[2552.5,680.0],[2552.5,681.0],[2552.5,682.0],[2552.5,683.0],[2552.5,684.0],[2552.5,685.0],[2552.5,686.0],[2552.5,687.0],[2552.5,688.0],[2552.5,689.0],[2552.5,690.0],[2552.5,691.0],[2552.5,692.0],[2552.5,693.0],[2552.5,694.0],[2552.5,695.0],[2552.5,696.0],[2552.5,697.0],[2552.5,698.0],[2552.5,699.0],[2552.0,699.5]]",243092.29362488,431105.5066452,80.24168825,151.099372,2.31006404,7.51247,0.05677864,,원본사진/DJI_20250702150745_0300_V.JPG,"[""512원본타일/DJI_20250702150745_0300_V__x02048_y00512.png"",""512원본타일/DJI_20250702150745_0300_V__x02560_y00512.png""]","[""512라벨오버레이/DJI_20250702150745_0300_V__x02048_y00512.png"",""512라벨오버레이/DJI_20250702150745_0300_V__x02560_y00512.png""]"
DJI_20250702150745_0300_V.JPG,D000005,CRC,균열,"[[2552.0,761.5],[2551.5,761.0],[2551.5,760.0],[2551.5,759.0],[2551.5,758.0],[2551.5,757.0],[2551.5,756.0],[2551.5,755.0],[2551.5,754.0],[2551.5,753.0],[2551.5,752.0],[2551.5,751.0],[2551.5,750.0],[2551.5,749.0],[2551.5,748.0],[2551.5,747.0],[2551.5,746.0],[2551.5,745.0],[2551.5,744.0],[2551.5,743.0],[2551.5,742.0],[2551.5,741.0],[2551.5,740.0],[2551.5,739.0],[2551.5,738.0],[2551.5,737.0],[2551.5,736.0],[2551.5,735.0],[2551.5,734.0],[2551.5,733.0],[2551.5,732.0],[2551.5,731.0],[2551.5,730.0],[2551.5,729.0],[2551.5,728.0],[2551.5,727.0],[2551.5,726.0],[2551.5,725.0],[2551.5,724.0],[2551.5,723.0],[2552.0,722.5],[2552.5,723.0],[2552.5,724.0],[2552.5,725.0],[2552.5,726.0],[2552.5,727.0],[2552.5,728.0],[2552.5,729.0],[2552.5,730.0],[2552.5,731.0],[2552.5,732.0],[2552.5,733.0],[2552.5,734.0],[2552.5,735.0],[2552.5,736.0],[2552.5,737.0],[2552.5,738.0],[2552.5,739.0],[2552.5,740.0],[2552.5,741.0],[2552.5,742.0],[2552.5,743.0],[2552.5,744.0],[2552.5,745.0],[2552.5,746.0],[2552.5,747.0],[2552.5,748.0],[2552.5,749.0],[2552.5,750.0],[2552.5,751.0],[2552.5,752.0],[2552.5,753.0],[2552.5,754.0],[2552.5,755.0],[2552.5,756.0],[2552.5,757.0],[2552.5,758.0],[2552.5,759.0],[2552.5,760.0],[2552.5,761.0],[2552.0,761.5]]",243091.05170441,431105.13913727,78.86664247,112.009106,1.56068469,4.830281,0.03368544,,원본사진/DJI_20250702150745_0300_V.JPG,"[""512원본타일/DJI_20250702150745_0300_V__x02048_y00512.png""]","[""512라벨오버레이/DJI_20250702150745_0300_V__x02048_y00512.png""]"
DJI_20250702150745_0300_V.JPG,D000006,CRC,균열,"[[4302.0,798.5],[4301.0,798.5],[4300.0,798.5],[4299.0,798.5],[4298.0,798.5],[4297.0,798.5],[4296.0,798.5],[4295.0,798.5],[4294.0,798.5],[4293.0,798.5],[4292.0,798.5],[4291.0,798.5],[4290.0,798.5],[4289.0,798.5],[4288.0,798.5],[4287.0,798.5],[4286.0,798.5],[4285.0,798.5],[4284.0,798.5],[4283.0,798.5],[4282.0,798.5],[4281.5,798.0],[4282.0,797.5],[4283.0,797.5],[4284.0,797.5],[4285.0,797.5],[4286.0,797.5],[4287.0,797.5],[4288.0,797.5],[4289.0,797.5],[4290.0,797.5],[4291.0,797.5],[4292.0,797.5],[4293.0,797.5],[4294.0,797.5],[4295.0,797.5],[4296.0,797.5],[4297.0,797.5],[4298.0,797.5],[4299.0,797.5],[4300.0,797.5],[4301.0,797.5],[4302.0,797.5],[4302.5,798.0],[4302.0,798.5]]",243080.4749279,431095.61896515,74.41637659,118.735373,0.42878809,19.006578,0.06494252,,원본사진/DJI_20250702150745_0300_V.JPG,"[""512원본타일/DJI_20250702150745_0300_V__x04096_y00512.png""]","[""512라벨오버레이/DJI_20250702150745_0300_V__x04096_y00512.png""]"
DJI_20250702150745_0300_V.JPG,D000007,CRC,균열,"[[2547.0,916.5],[2546.5,916.0],[2546.5,915.0],[2546.5,914.0],[2546.5,913.0],[2546.5,912.0],[2546.5,911.0],[2546.5,910.0],[2546.5,909.0],[2546.5,908.0],[2546.5,907.0],[2546.5,906.0],[2546.5,905.0],[2546.5,904.0],[2546.5,903.0],[2546.5,902.0],[2547.0,901.5],[2547.5,902.0],[2547.5,903.0],[2547.5,904.0],[2547.5,905.0],[2547.5,906.0],[2547.5,907.0],[2547.5,908.0],[2547.5,909.0],[2547.5,910.0],[2547.5,911.0],[2547.5,912.0],[2547.5,913.0],[2547.5,914.0],[2547.5,915.0],[2547.5,916.0],[2547.0,916.5]]",243090.10210609,431104.89740753,77.8033576,111.125443,1.45915502,6.20546,0.04105166,,원본사진/DJI_20250702150745_0300_V.JPG,"[""512원본타일/DJI_20250702150745_0300_V__x02048_y00512.png""]","[""512라벨오버레이/DJI_20250702150745_0300_V__x02048_y00512.png""]"
DJI_20250702150745_0300_V.JPG,D000013,CRC,균열,"[[2532.0,1122.5],[2531.5,1122.0],[2531.5,1121.0],[2531.5,1120.0],[2531.5,1119.0],[2531.5,1118.0],[2531.5,1117.0],[2531.5,1116.0],[2531.5,1115.0],[2531.5,1114.0],[2531.5,1113.0],[2531.5,1112.0],[2531.5,1111.0],[2531.5,1110.0],[2531.5,1109.0],[2531.5,1108.0],[2531.5,1107.0],[2531.5,1106.0],[2531.5,1105.0],[2531.5,1104.0],[2531.5,1103.0],[2531.5,1102.0],[2531.5,1101.0],[2531.5,1100.0],[2531.5,1099.0],[2531.5,1098.0],[2531.5,1097.0],[2531.5,1096.0],[2531.5,1095.0],[2531.5,1094.0],[2531.5,1093.0],[2531.5,1092.0],[2531.5,1091.0],[2531.5,1090.0],[2531.5,1089.0],[2531.5,1088.0],[2531.5,1087.0],[2531.5,1086.0],[2531.5,1085.0],[2531.5,1084.0],[2531.5,1083.0],[2531.5,1082.0],[2531.5,1081.0],[2531.5,1080.0],[2531.5,1079.0],[2531.5,1078.0],[2531.5,1077.0],[2531.5,1076.0],[2532.0,1075.5],[2532.5,1076.0],[2532.5,1077.0],[2532.5,1078.0],[2532.5,1079.0],[2532.5,1080.0],[2532.5,1081.0],[2532.5,1082.0],[2532.5,1083.0],[2532.5,1084.0],[2532.5,1085.0],[2532.5,1086.0],[2532.5,1087.0],[2532.5,1088.0],[2532.5,1089.0],[2532.5,1090.0],[2532.5,1091.0],[2532.5,1092.0],[2532.5,1093.0],[2532.5,1094.0],[2532.5,1095.0],[2532.5,1096.0],[2532.5,1097.0],[2532.5,1098.0],[2532.5,1099.0],[2532.5,1100.0],[2532.5,1101.0],[2532.5,1102.0],[2532.5,1103.0],[2532.5,1104.0],[2532.5,1105.0],[2532.5,1106.0],[2532.5,1107.0],[2532.5,1108.0],[2532.5,1109.0],[2532.5,1110.0],[2532.5,1111.0],[2532.5,1112.0],[2532.5,1113.0],[2532.5,1114.0],[2532.5,1115.0],[2532.5,1116.0],[2532.5,1117.0],[2532.5,1118.0],[2532.5,1119.0],[2532.5,1120.0],[2532.5,1121.0],[2532.5,1122.0],[2532.0,1122.5]]",243088.46045494,431104.43816376,75.87862492,145.304242,1.38861978,6.172232,0.03802107,,원본사진/DJI_20250702150745_0300_V.JPG,"[""512원본타일/DJI_20250702150745_0300_V__x02048_y01024.png""]","[""512라벨오버레이/DJI_20250702150745_0300_V__x02048_y01024.png""]"
DJI_20250702150745_0300_V.JPG,D000016,CRC,균열,"[[2512.0,1352.5],[2511.5,1352.0],[2511.5,1351.0],[2511.5,1350.0],[2511.5,1349.0],[2511.5,1348.0],[2511.5,1347.0],[2511.5,1346.0],[2511.5,1345.0],[2511.5,1344.0],[2511.5,1343.0],[2511.5,1342.0],[2511.5,1341.0],[2511.5,1340.0],[2511.5,1339.0],[2511.5,1338.0],[2511.5,1337.0],[2511.5,1336.0],[2511.5,1335.0],[2511.5,1334.0],[2512.0,1333.5],[2512.5,1334.0],[2512.5,1335.0],[2512.5,1336.0],[2512.5,1337.0],[2512.5,1338.0],[2512.5,1339.0],[2512.5,1340.0],[2512.5,1341.0],[2512.5,1342.0],[2512.5,1343.0],[2512.5,1344.0],[2512.5,1345.0],[2512.5,1346.0],[2512.5,1347.0],[2512.5,1348.0],[2512.5,1349.0],[2512.5,1350.0],[2512.5,1351.0],[2512.5,1352.0],[2512.0,1352.5]]",243087.10788727,431104.11820221,74.16414237,66.319228,0.52388141,2.864603,0.01689689,,원본사진/DJI_20250702150745_0300_V.JPG,"[""512원본타일/DJI_20250702150745_0300_V__x02048_y01024.png""]","[""512라벨오버레이/DJI_20250702150745_0300_V__x02048_y01024.png""]"
DJI_20250702150745_0300_V.JPG,D000032,CRC,균열,"[[4754.0,1709.5],[4753.0,1709.5],[4752.0,1709.5],[4751.0,1709.5],[4750.0,1709.5],[4749.0,1709.5],[4748.0,1709.5],[4747.0,1709.5],[4746.0,1709.5],[4745.0,1709.5],[4744.0,1709.5],[4743.0,1709.5],[4742.0,1709.5],[4741.0,1709.5],[4740.0,1709.5],[4739.0,1709.5],[4738.0,1709.5],[4737.0,1709.5],[4736.0,1709.5],[4735.0,1709.5],[4734.0,1709.5],[4733.0,1709.5],[4732.0,1709.5],[4731.0,1709.5],[4730.5,1709.0],[4731.0,1708.5],[4732.0,1708.5],[4733.0,1708.5],[4734.0,1708.5],[4735.0,1708.5],[4736.0,1708.5],[4737.0,1708.5],[4738.0,1708.5],[4739.0,1708.5],[4740.0,1708.5],[4741.0,1708.5],[4742.0,1708.5],[4743.0,1708.5],[4744.0,1708.5],[4745.0,1708.5],[4746.0,1708.5],[4747.0,1708.5],[4748.0,1708.5],[4749.0,1708.5],[4750.0,1708.5],[4751.0,1708.5],[4752.0,1708.5],[4753.0,1708.5],[4754.0,1708.5],[4754.5,1709.0],[4754.0,1709.5]]",243077.9071064,431094.72881317,71.11050606,109.709245,0.31590326,5.391203,0.01456532,,원본사진/DJI_20250702150745_0300_V.JPG,"[""512원본타일/DJI_20250702150745_0300_V__x04608_y01536.png""]","[""512라벨오버레이/DJI_20250702150745_0300_V__x04608_y01536.png""]"
DJI_20250702150745_0300_V.JPG,D000047,CRC,균열,"[[2479.0,2820.5],[2478.5,2820.0],[2478.5,2819.0],[2478.5,2818.0],[2478.5,2817.0],[2478.5,2816.0],[2478.5,2815.0],[2478.5,2814.0],[2478.5,2813.0],[2478.5,2812.0],[2478.5,2811.0],[2478.5,2810.0],[2478.5,2809.0],[2478.5,2808.0],[2478.5,2807.0],[2478.5,2806.0],[2478.5,2805.0],[2478.5,2804.0],[2478.5,2803.0],[2478.5,2802.0],[2478.5,2801.0],[2478.5,2800.0],[2478.5,2799.0],[2478.5,2798.0],[2478.5,2797.0],[2478.5,2796.0],[2478.5,2795.0],[2478.5,2794.0],[2478.5,2793.0],[2479.0,2792.5]]",243081.85027122,431102.53320312,66.74898624,144.831623,0.64285908,15.480933,0.06707675,,원본사진/DJI_20250702150745_0300_V.JPG,"[""512원본타일/DJI_20250702150745_0300_V__x02048_y02560.png""]","[""512라벨오버레이/DJI_20250702150745_0300_V__x02048_y02560.png""]"
DJI_20250702150745_0300_V.JPG,D000048,CRC,균열,"[[5243.0,2965.5],[5242.0,2965.5],[5241.0,2965.5],[5240.0,2965.5],[5239.0,2965.5],[5238.0,2965.5],[5237.0,2965.5],[5236.0,2965.5],[5235.0,2965.5],[5234.0,2965.5],[5233.0,2965.5],[5232.0,2965.5],[5231.0,2965.5],[5230.5,2965.0],[5231.0,2964.5],[5232.0,2964.5],[5233.0,2964.5],[5234.0,2964.5],[5235.0,2964.5],[5236.0,2964.5],[5237.0,2964.5],[5238.0,2964.5],[5239.0,2964.5],[5240.0,2964.5],[5241.0,2964.5],[5242.0,2964.5],[5243.0,2964.5],[5243.5,2965.0],[5243.0,2965.5]]",243075.61649513,431094.3521347,68.38298511,71.351008,0.13943119,30.243808,0.05523821,,원본사진/DJI_20250702150745_0300_V.JPG,"[""512원본타일/DJI_20250702150745_0300_V__x05120_y02560.png""]","[""512라벨오버레이/DJI_20250702150745_0300_V__x05120_y02560.png""]"
DJI_20250702151015_0500_V.JPG,D000088,CRC,균열,"[[2092.0,54.5],[2093.0,54.5],[2094.0,54.5],[2095.0,54.5],[2096.0,54.5],[2097.0,54.5],[2098.0,54.5],[2099.0,54.5],[2100.0,54.5],[2101.0,54.5],[2102.0,54.5],[2103.0,54.5],[2104.0,54.5],[2105.0,54.5],[2106.0,54.5],[2107.0,54.5],[2108.0,54.5],[2109.0,54.5],[2110.0,54.5],[2111.0,54.5],[2112.0,54.5],[2113.0,54.5],[2114.0,54.5],[2115.0,54.5],[2116.0,54.5],[2117.0,54.5],[2117.5,55.0],[2117.0,55.5],[2116.0,55.5],[2115.0,55.5],[2114.0,55.5],[2113.0,55.5],[2112.0,55.5],[2111.0,55.5],[2110.0,55.5],[2109.0,55.5],[2108.0,55.5],[2107.0,55.5],[2106.0,55.5],[2105.0,55.5],[2104.0,55.5],[2103.0,55.5],[2102.0,55.5],[2101.0,55.5],[2100.0,55.5],[2099.0,55.5],[2098.0,55.5],[2097.0,55.5],[2096.0,55.5],[2095.0,55.5],[2094.0,55.5],[2093.0,55.5],[2092.0,55.5]]",243076.55357361,431124.58958817,69.44864178,376.024476,1.79318836,12.448262,0.07503297,,원본사진/DJI_20250702151015_0500_V.JPG,"[""512원본타일/DJI_20250702151015_0500_V__x02048_y00000.png""]","[""512라벨오버레이/DJI_20250702151015_0500_V__x02048_y00000.png""]"
DJI_20250702151015_0500_V.JPG,D000089,CRC,균열,"[[2464.0,171.5],[2463.5,171.0],[2463.5,170.0],[2463.5,169.0],[2463.5,168.0],[2463.5,167.0],[2463.5,166.0],[2463.5,165.0],[2463.5,164.0],[2463.5,163.0],[2463.5,162.0],[2463.5,161.0],[2463.5,160.0],[2463.5,159.0],[2463.5,158.0],[2463.5,157.0],[2463.5,156.0],[2463.5,155.0],[2463.5,154.0],[2463.5,153.0],[2463.5,152.0],[2463.5,151.0],[2463.5,150.0],[2463.5,149.0],[2463.5,148.0],[2463.5,147.0],[2463.5,146.0],[2463.5,145.0],[2463.5,144.0],[2463.5,143.0],[2463.5,142.0],[2463.5,141.0],[2463.5,140.0],[2463.5,139.0],[2463.5,138.0],[2463.5,137.0],[2463.5,136.0],[2463.5,135.0],[2463.5,134.0],[2463.5,133.0],[2463.5,132.0],[2463.5,131.0],[2463.5,130.0],[2464.0,129.5],[2464.5,130.0],[2464.5,131.0],[2464.5,132.0],[2464.5,133.0],[2464.5,134.0],[2464.5,135.0],[2464.5,136.0],[2464.5,137.0],[2464.5,138.0],[2464.5,139.0],[2464.5,140.0],[2464.5,141.0],[2464.5,142.0],[2464.5,143.0],[2464.5,144.0],[2464.5,145.0],[2464.5,146.0],[2464.5,147.0],[2464.5,148.0],[2464.5,149.0],[2464.5,150.0],[2464.5,151.0],[2464.5,152.0],[2464.5,153.0],[2464.5,154.0],[2464.5,155.0],[2464.5,156.0],[2464.5,157.0],[2464.5,158.0],[2464.5,159.0],[2464.5,160.0],[2464.5,161.0],[2464.5,162.0],[2464.5,163.0],[2464.5,164.0],[2464.5,165.0],[2464.5,166.0],[2464.5,167.0],[2464.5,168.0],[2464.5,169.0],[2464.5,170.0],[2464.5,171.0],[2464.0,171.5]]",243076.68731689,431123.70794678,69.1617527,129.077262,0.7277075,4.349532,0.02044393,,원본사진/DJI_20250702151015_0500_V.JPG,"[""512원본타일/DJI_20250702151015_0500_V__x02048_y00000.png""]","[""512라벨오버레이/DJI_20250702151015_0500_V__x02048_y00000.png""]"
DJI_20250702151015_0500_V.JPG,D000092,CRC,균열,"[[5172.0,306.5],[5171.0,306.5],[5170.0,306.5],[5169.0,306.5],[5168.0,306.5],[5167.0,306.5],[5166.0,306.5],[5165.0,306.5],[5164.0,306.5],[5163.0,306.5],[5162.0,306.5],[5161.0,306.5],[5160.0,306.5],[5159.0,306.5],[5158.0,306.5],[5157.0,306.5],[5156.0,306.5],[5155.0,306.5],[5154.0,306.5],[5153.0,306.5],[5152.0,306.5],[5151.0,306.5],[5150.0,306.5],[5149.0,306.5],[5148.0,306.5],[5147.0,306.5],[5146.0,306.5],[5145.0,306.5],[5144.0,306.5],[5143.5,306.0],[5144.0,305.5],[5145.0,305.5],[5146.0,305.5],[5147.0,305.5],[5148.0,305.5],[5149.0,305.5],[5150.0,305.5],[5151.0,305.5],[5152.0,305.5],[5153.0,305.5],[5154.0,305.5],[5155.0,305.5],[5156.0,305.5],[5157.0,305.5],[5158.0,305.5],[5159.0,305.5],[5160.0,305.5],[5161.0,305.5],[5162.0,305.5],[5163.0,305.5],[5164.0,305.5],[5165.0,305.5],[5166.0,305.5],[5167.0,305.5],[5168.0,305.5],[5169.0,305.5],[5170.0,305.5],[5171.0,305.5],[5172.0,305.5],[5172.5,306.0],[5172.0,306.5]]",243080.12452507,431111.42393494,68.34670258,267.467416,1.2785874,12.195466,0.06749931,,원본사진/DJI_20250702151015_0500_V.JPG,"[""512원본타일/DJI_20250702151015_0500_V__x05120_y00000.png"",""512원본타일/DJI_20250702151015_0500_V__x04608_y00000.png""]","[""512라벨오버레이/DJI_20250702151015_0500_V__x05120_y00000.png"",""512라벨오버레이/DJI_20250702151015_0500_V__x04608_y00000.png""]"
DJI_20250702151015_0500_V.JPG,D000096,CRC,균열,"[[306.0,915.5],[305.0,915.5],[304.0,915.5],[303.0,915.5],[302.0,915.5],[301.0,915.5],[300.5,915.0],[301.0,914.5],[302.0,914.5],[303.0,914.5],[304.0,914.5],[305.0,914.5],[306.0,914.5],[306.5,915.0],[306.0,915.5]]",243071.30251408,431132.0574379,65.98038769,68.736078,0.29379287,12.470585,0.05846703,,원본사진/DJI_20250702151015_0500_V.JPG,"[""512원본타일/DJI_20250702151015_0500_V__x00000_y00512.png""]","[""512라벨오버레이/DJI_20250702151015_0500_V__x00000_y00512.png""]"
DJI_20250702151015_0500_V.JPG,D000097,CRC,균열,"[[902.0,939.5],[901.0,939.5],[900.0,939.5],[899.0,939.5],[898.0,939.5],[897.0,939.5],[896.0,939.5],[895.0,939.5],[894.0,939.5],[893.0,939.5],[892.5,939.0],[893.0,938.5],[894.0,938.5],[895.0,938.5],[896.0,938.5],[897.0,938.5],[898.0,938.5],[899.0,938.5],[900.0,938.5],[901.0,938.5],[902.0,938.5],[902.5,939.0],[902.0,939.5]]",243071.93675613,431129.74411774,65.82442379,182.559093,0.77466633,8.397867,0.0389414,,원본사진/DJI_20250702151015_0500_V.JPG,"[""512원본타일/DJI_20250702151015_0500_V__x00512_y00512.png""]","[""512라벨오버레이/DJI_20250702151015_0500_V__x00512_y00512.png""]"
DJI_20250702151015_0500_V.JPG,D000098,CRC,균열,"[[3838.0,1062.5],[3837.5,1062.0],[3837.5,1061.0],[3837.5,1060.0],[3837.5,1059.0],[3837.5,1058.0],[3837.5,1057.0],[3837.5,1056.0],[3837.5,1055.0],[3837.5,1054.0],[3837.5,1053.0],[3837.5,1052.0],[3837.5,1051.0],[3837.5,1050.0],[3837.5,1049.0],[3837.5,1048.0],[3837.5,1047.0],[3837.5,1046.0],[3837.5,1045.0],[3837.5,1044.0],[3837.5,1043.0],[3838.0,1042.5],[3838.5,1043.0],[3838.5,1044.0],[3838.5,1045.0],[3838.5,1046.0],[3838.5,1047.0],[3838.5,1048.0],[3838.5,1049.0],[3838.5,1050.0],[3838.5,1051.0],[3838.5,1052.0],[3838.5,1053.0],[3838.5,1054.0],[3838.5,1055.0],[3838.5,1056.0],[3838.5,1057.0],[3838.5,1058.0],[3838.5,1059.0],[3838.5,1060.0],[3838.5,1061.0],[3838.5,1062.0],[3838.0,1062.5]]",243075.85843658,431116.95984268,65.2985239,170.361781,0.85135767,5.885745,0.02706199,,원본사진/DJI_20250702151015_0500_V.JPG,"[""512원본타일/DJI_20250702151015_0500_V__x03584_y01024.png"",""512원본타일/DJI_20250702151015_0500_V__x03584_y00512.png""]","[""512라벨오버레이/DJI_20250702151015_0500_V__x03584_y01024.png"",""512라벨오버레이/DJI_20250702151015_0500_V__x03584_y00512.png""]"
DJI_20250702151015_0500_V.JPG,D000107,CRC,균열,"[[266.0,2032.5],[265.5,2032.0],[265.5,2031.0],[265.5,2030.0],[265.5,2029.0],[265.5,2028.0],[265.5,2027.0],[265.5,2026.0],[265.5,2025.0],[265.5,2024.0],[265.5,2023.0],[265.5,2022.0],[265.5,2021.0],[265.5,2020.0],[265.5,2019.0],[265.5,2018.0],[266.0,2017.5],[266.5,2018.0],[266.5,2019.0],[266.5,2020.0],[266.5,2021.0],[266.5,2022.0],[266.5,2023.0],[266.5,2024.0],[266.5,2025.0],[266.5,2026.0],[266.5,2027.0],[266.5,2028.0],[266.5,2029.0],[266.5,2030.0],[266.5,2031.0],[266.5,2032.0],[266.0,2032.5]]",243068.49912453,431130.80149841,61.89261723,91.517767,0.36155212,20.927327,0.09267039,,원본사진/DJI_20250702151015_0500_V.JPG,"[""512원본타일/DJI_20250702151015_0500_V__x00000_y02048.png"",""512원본타일/DJI_20250702151015_0500_V__x00000_y01536.png""]","[""512라벨오버레이/DJI_20250702151015_0500_V__x00000_y02048.png"",""512라벨오버레이/DJI_20250702151015_0500_V__x00000_y01536.png""]"
DJI_20250702160538_0800_V.JPG,D000169,CRC,균열,"[[4474.0,1070.5],[4473.0,1070.5],[4472.0,1070.5],[4471.0,1070.5],[4470.0,1070.5],[4469.0,1070.5],[4468.0,1070.5],[4467.0,1070.5],[4466.0,1070.5],[4465.0,1070.5],[4464.0,1070.5],[4463.0,1070.5],[4462.5,1070.0],[4463.0,1069.5],[4464.0,1069.5],[4465.0,1069.5],[4466.0,1069.5],[4467.0,1069.5],[4468.0,1069.5],[4469.0,1069.5],[4470.0,1069.5],[4471.0,1069.5],[4472.0,1069.5],[4473.0,1069.5],[4474.0,1069.5],[4474.5,1070.0],[4474.0,1070.5]]",243055.1892128,431187.50162601,73.68143058,97.004202,0.45124099,9.704671,0.03402116,,원본사진/DJI_20250702160538_0800_V.JPG,"[""512원본타일/DJI_20250702160538_0800_V__x04096_y01024.png""]","[""512라벨오버레이/DJI_20250702160538_0800_V__x04096_y01024.png""]"
DJI_20250702160538_0800_V.JPG,D000170,CRC,균열,"[[4168.0,1104.5],[4167.0,1104.5],[4166.0,1104.5],[4165.0,1104.5],[4164.0,1104.5],[4163.0,1104.5],[4162.0,1104.5],[4161.0,1104.5],[4160.0,1104.5],[4159.0,1104.5],[4158.0,1104.5],[4157.0,1104.5],[4156.0,1104.5],[4155.0,1104.5],[4154.0,1104.5],[4153.0,1104.5],[4152.0,1104.5],[4151.0,1104.5],[4150.0,1104.5],[4149.0,1104.5],[4148.5,1104.0],[4149.0,1103.5],[4150.0,1103.5],[4151.0,1103.5],[4152.0,1103.5],[4153.0,1103.5],[4154.0,1103.5],[4155.0,1103.5],[4156.0,1103.5],[4157.0,1103.5],[4158.0,1103.5],[4159.0,1103.5],[4160.0,1103.5],[4161.0,1103.5],[4162.0,1103.5],[4163.0,1103.5],[4164.0,1103.5],[4165.0,1103.5],[4166.0,1103.5],[4167.0,1103.5],[4168.0,1103.5],[4168.5,1104.0],[4168.0,1104.5]]",243055.36810875,431188.58052063,73.57891893,142.852255,0.53399334,12.143436,0.0440252,,원본사진/DJI_20250702160538_0800_V.JPG,"[""512원본타일/DJI_20250702160538_0800_V__x04096_y01024.png"",""512원본타일/DJI_20250702160538_0800_V__x03584_y01024.png""]","[""512라벨오버레이/DJI_20250702160538_0800_V__x04096_y01024.png"",""512라벨오버레이/DJI_20250702160538_0800_V__x03584_y01024.png""]"
DJI_20250702160658_0900_V.JPG,D000216,CRC,균열,"[[2434.0,822.5],[2433.0,822.5],[2432.0,822.5],[2431.0,822.5],[2430.0,822.5],[2429.0,822.5],[2428.0,822.5],[2427.0,822.5],[2426.0,822.5],[2425.0,822.5],[2424.0,822.5],[2423.0,822.5],[2422.0,822.5],[2421.0,822.5],[2420.0,822.5],[2419.0,822.5],[2418.0,822.5],[2417.0,822.5],[2416.0,822.5],[2415.0,822.5],[2414.0,822.5],[2413.0,822.5],[2412.0,822.5],[2411.0,822.5],[2410.0,822.5],[2409.0,822.5],[2408.5,822.0],[2409.0,821.5],[2410.0,821.5],[2411.0,821.5],[2412.0,821.5],[2413.0,821.5],[2414.0,821.5],[2415.0,821.5],[2416.0,821.5],[2417.0,821.5],[2418.0,821.5],[2419.0,821.5],[2420.0,821.5],[2421.0,821.5],[2422.0,821.5],[2423.0,821.5],[2424.0,821.5],[2425.0,821.5],[2426.0,821.5],[2427.0,821.5],[2428.0,821.5],[2429.0,821.5],[2430.0,821.5],[2431.0,821.5],[2432.0,821.5],[2433.0,821.5],[2434.0,821.5],[2434.5,822.0],[2434.0,822.5]]",243041.17958832,431204.93418312,71.86287308,211.481184,0.38707711,10.47823,0.01404483,,원본사진/DJI_20250702160658_0900_V.JPG,"[""512원본타일/DJI_20250702160658_0900_V__x02048_y00512.png""]","[""512라벨오버레이/DJI_20250702160658_0900_V__x02048_y00512.png""]"
DJI_20250702165251_0480_V.JPG,D000268,CRC,균열,"[[2792.0,58.5],[2791.5,58.0],[2791.5,57.0],[2791.5,56.0],[2791.5,55.0],[2791.5,54.0],[2791.5,53.0],[2791.5,52.0],[2791.5,51.0],[2791.5,50.0],[2791.5,49.0],[2791.5,48.0],[2791.5,47.0],[2791.5,46.0],[2791.5,45.0],[2791.5,44.0],[2791.5,43.0],[2791.5,42.0],[2791.5,41.0],[2791.5,40.0],[2791.5,39.0],[2791.5,38.0],[2791.5,37.0],[2791.5,36.0],[2791.5,35.0],[2791.5,34.0],[2791.5,33.0],[2791.5,32.0],[2791.5,31.0],[2791.5,30.0],[2791.5,29.0],[2791.5,28.0],[2791.5,27.0],[2791.5,26.0],[2791.5,25.0],[2791.5,24.0],[2791.5,23.0],[2791.5,22.0],[2791.5,21.0],[2792.0,20.5],[2792.5,21.0],[2792.5,22.0],[2792.5,23.0],[2792.5,24.0],[2792.5,25.0],[2792.5,26.0],[2792.5,27.0],[2792.5,28.0],[2792.5,29.0],[2792.5,30.0],[2792.5,31.0],[2792.5,32.0],[2792.5,33.0],[2792.5,34.0],[2792.5,35.0],[2792.5,36.0],[2792.5,37.0],[2792.5,38.0],[2792.5,39.0],[2792.5,40.0],[2792.5,41.0],[2792.5,42.0],[2792.5,43.0],[2792.5,44.0],[2792.5,45.0],[2792.5,46.0],[2792.5,47.0],[2792.5,48.0],[2792.5,49.0],[2792.5,50.0],[2792.5,51.0],[2792.5,52.0],[2792.5,53.0],[2792.5,54.0],[2792.5,55.0],[2792.5,56.0],[2792.5,57.0],[2792.5,58.0],[2792.0,58.5]]",243073.83881187,431203.45811081,101.1763134,468.999595,1.76898299,9.317416,0.04311241,,원본사진/DJI_20250702165251_0480_V.JPG,"[""512원본타일/DJI_20250702165251_0480_V__x02560_y00000.png""]","[""512라벨오버레이/DJI_20250702165251_0480_V__x02560_y00000.png""]"
DJI_20260826093331_0020_V.JPG,D000285,CRC,균열,"[[4386.0,876.5],[4385.0,876.5],[4384.0,876.5],[4383.0,876.5],[4382.0,876.5],[4381.0,876.5],[4380.0,876.5],[4379.0,876.5],[4378.0,876.5],[4377.0,876.5],[4376.0,876.5],[4375.0,876.5],[4374.0,876.5],[4373.0,876.5],[4372.0,876.5],[4371.0,876.5],[4370.0,876.5],[4369.0,876.5],[4368.0,876.5],[4367.0,876.5],[4366.0,876.5],[4365.0,876.5],[4364.0,876.5],[4363.0,876.5],[4362.0,876.5],[4361.0,876.5],[4360.0,876.5],[4359.0,876.5],[4358.0,876.5],[4357.0,876.5],[4356.0,876.5],[4355.0,876.5],[4354.0,876.5],[4353.5,876.0],[4354.0,875.5],[4355.0,875.5],[4356.0,875.5],[4357.0,875.5],[4358.0,875.5],[4359.0,875.5],[4360.0,875.5],[4361.0,875.5],[4362.0,875.5],[4363.0,875.5],[4364.0,875.5],[4365.0,875.5],[4366.0,875.5],[4367.0,875.5],[4368.0,875.5],[4369.0,875.5],[4370.0,875.5],[4371.0,875.5],[4372.0,875.5],[4373.0,875.5],[4374.0,875.5],[4375.0,875.5],[4376.0,875.5],[4377.0,875.5],[4378.0,875.5],[4379.0,875.5],[4380.0,875.5],[4381.0,875.5],[4382.0,875.5],[4383.0,875.5],[4384.0,875.5],[4385.0,875.5],[4386.0,875.5],[4386.5,876.0],[4386.0,876.5]]",243112.69566345,431090.20235443,107.19431686,152.128555,0.08990313,15.429311,0.00945206,,원본사진/DJI_20260826093331_0020_V.JPG,"[""512원본타일/DJI_20260826093331_0020_V__x04096_y00512.png""]","[""512라벨오버레이/DJI_20260826093331_0020_V__x04096_y00512.png""]"
DJI_20260826093331_0020_V.JPG,D000286,CRC,균열,"[[1383.0,931.5],[1382.0,931.5],[1381.0,931.5],[1380.0,931.5],[1379.0,931.5],[1378.0,931.5],[1377.0,931.5],[1376.0,931.5],[1375.0,931.5],[1374.5,931.0],[1375.0,930.5],[1376.0,930.5],[1377.0,930.5],[1378.0,930.5],[1379.0,930.5],[1380.0,930.5],[1381.0,930.5],[1382.0,930.5],[1383.0,930.5],[1383.5,931.0],[1383.0,931.5]]",243112.24684143,431092.01828766,107.17179108,130.10898,0.07574613,12.916062,0.00858783,,원본사진/DJI_20260826093331_0020_V.JPG,"[""512원본타일/DJI_20260826093331_0020_V__x01024_y00512.png""]","[""512라벨오버레이/DJI_20260826093331_0020_V__x01024_y00512.png""]"
DJI_20260826093331_0020_V.JPG,D000295,CRC,균열,"[[407.0,2551.5],[406.0,2551.5],[405.0,2551.5],[404.0,2551.5],[403.0,2551.5],[402.0,2551.5],[401.0,2551.5],[400.0,2551.5],[399.0,2551.5],[398.0,2551.5],[397.0,2551.5],[396.0,2551.5],[395.0,2551.5],[394.0,2551.5],[393.0,2551.5],[392.0,2551.5],[391.0,2551.5],[390.0,2551.5],[389.5,2551.0],[390.0,2550.5],[391.0,2550.5],[392.0,2550.5],[393.0,2550.5],[394.0,2550.5],[395.0,2550.5],[396.0,2550.5],[397.0,2550.5],[398.0,2550.5],[399.0,2550.5],[400.0,2550.5],[401.0,2550.5],[402.0,2550.5],[403.0,2550.5],[404.0,2550.5],[405.0,2550.5],[406.0,2550.5],[407.0,2550.5],[407.5,2551.0],[407.0,2551.5]]",243112.00360489,431092.58683777,106.17180443,190.01588,0.16191625,18.99375,0.01162968,,원본사진/DJI_20260826093331_0020_V.JPG,"[""512원본타일/DJI_20260826093331_0020_V__x00000_y02048.png""]","[""512라벨오버레이/DJI_20260826093331_0020_V__x00000_y02048.png""]"
DJI_20260826093331_0020_V.JPG,D000297,CRC,균열,"[[3883.0,3205.5],[3882.5,3205.0],[3882.5,3204.0],[3882.5,3203.0],[3882.5,3202.0],[3882.5,3201.0],[3882.5,3200.0],[3882.5,3199.0],[3882.5,3198.0],[3882.5,3197.0],[3882.5,3196.0],[3882.5,3195.0],[3882.5,3194.0],[3882.5,3193.0],[3882.5,3192.0],[3882.5,3191.0],[3882.5,3190.0],[3882.5,3189.0],[3882.5,3188.0],[3882.5,3187.0],[3882.5,3186.0],[3882.5,3185.0],[3882.5,3184.0],[3882.5,3183.0],[3882.5,3182.0],[3882.5,3181.0],[3882.5,3180.0],[3882.5,3179.0],[3882.5,3178.0],[3882.5,3177.0],[3882.5,3176.0],[3882.5,3175.0],[3883.0,3174.5],[3883.5,3175.0],[3883.5,3176.0],[3883.5,3177.0],[3883.5,3178.0],[3883.5,3179.0],[3883.5,3180.0],[3883.5,3181.0],[3883.5,3182.0],[3883.5,3183.0],[3883.5,3184.0],[3883.5,3185.0],[3883.5,3186.0],[3883.5,3187.0],[3883.5,3188.0],[3883.5,3189.0],[3883.5,3190.0],[3883.5,3191.0],[3883.5,3192.0],[3883.5,3193.0],[3883.5,3194.0],[3883.5,3195.0],[3883.5,3196.0],[3883.5,3197.0],[3883.5,3198.0],[3883.5,3199.0],[3883.5,3200.0],[3883.5,3201.0],[3883.5,3202.0],[3883.5,3203.0],[3883.5,3204.0],[3883.5,3205.0],[3883.0,3205.5]]",243112.70808792,431090.49596405,105.80418777,285.363133,0.18984944,29.186298,0.01804123,,원본사진/DJI_20260826093331_0020_V.JPG,"[""512원본타일/DJI_20260826093331_0020_V__x03584_y03072.png"",""512원본타일/DJI_20260826093331_0020_V__x03584_y02560.png""]","[""512라벨오버레이/DJI_20260826093331_0020_V__x03584_y03072.png"",""512라벨오버레이/DJI_20260826093331_0020_V__x03584_y02560.png""]"
DJI_20260826094118_0100_V.JPG,D000311,CRC,균열,"[[3219.0,158.5],[3218.0,158.5],[3217.0,158.5],[3216.0,158.5],[3215.5,158.0],[3216.0,157.5],[3217.0,157.5],[3218.0,157.5],[3219.0,157.5],[3219.5,158.0],[3219.0,158.5]]",243109.64454269,431099.45729828,107.42918396,95.150571,0.0372058,6.410996,0.00298538,,원본사진/DJI_20260826094118_0100_V.JPG,"[""512원본타일/DJI_20260826094118_0100_V__x03072_y00000.png""]","[""512라벨오버레이/DJI_20260826094118_0100_V__x03072_y00000.png""]"
DJI_20260826094118_0100_V.JPG,D000314,CRC,균열,"[[3683.0,348.5],[3682.0,348.5],[3681.0,348.5],[3680.0,348.5],[3679.0,348.5],[3678.0,348.5],[3677.0,348.5],[3676.0,348.5],[3675.0,348.5],[3674.0,348.5],[3673.0,348.5],[3672.0,348.5],[3671.0,348.5],[3670.0,348.5],[3669.0,348.5],[3668.0,348.5],[3667.0,348.5],[3666.0,348.5],[3665.0,348.5],[3664.0,348.5],[3663.0,348.5],[3662.0,348.5],[3661.0,348.5],[3660.0,348.5],[3659.0,348.5],[3658.0,348.5],[3657.0,348.5],[3656.0,348.5],[3655.0,348.5],[3654.0,348.5],[3653.0,348.5],[3652.5,348.0],[3653.0,347.5],[3654.0,347.5],[3655.0,347.5],[3656.0,347.5],[3657.0,347.5],[3658.0,347.5],[3659.0,347.5],[3660.0,347.5],[3661.0,347.5],[3662.0,347.5],[3663.0,347.5],[3664.0,347.5],[3665.0,347.5],[3666.0,347.5],[3667.0,347.5],[3668.0,347.5],[3669.0,347.5],[3670.0,347.5],[3671.0,347.5],[3672.0,347.5],[3673.0,347.5],[3674.0,347.5],[3675.0,347.5],[3676.0,347.5],[3677.0,347.5],[3678.0,347.5],[3679.0,347.5],[3680.0,347.5],[3681.0,347.5],[3682.0,347.5],[3683.0,347.5],[3683.5,348.0],[3683.0,348.5]]",243109.7794075,431099.35500336,107.41778755,499.813048,0.20282166,23.841855,0.0080094,,원본사진/DJI_20260826094118_0100_V.JPG,"[""512원본타일/DJI_20260826094118_0100_V__x03584_y00000.png"",""512원본타일/DJI_20260826094118_0100_V__x03072_y00000.png""]","[""512라벨오버레이/DJI_20260826094118_0100_V__x03584_y00000.png"",""512라벨오버레이/DJI_20260826094118_0100_V__x03072_y00000.png""]"
DJI_20260826094118_0100_V.JPG,D000315,CRC,균열,"[[3210.0,340.5],[3209.0,340.5],[3208.0,340.5],[3207.0,340.5],[3206.0,340.5],[3205.0,340.5],[3204.0,340.5],[3203.0,340.5],[3202.0,340.5],[3201.0,340.5],[3200.0,340.5],[3199.0,340.5],[3198.0,340.5],[3197.0,340.5],[3196.0,340.5],[3195.0,340.5],[3194.0,340.5],[3193.0,340.5],[3192.0,340.5],[3191.0,340.5],[3190.0,340.5],[3189.0,340.5],[3188.0,340.5],[3187.0,340.5],[3186.0,340.5],[3185.0,340.5],[3184.0,340.5],[3183.0,340.5],[3182.0,340.5],[3181.0,340.5],[3180.5,340.0],[3181.0,339.5],[3182.0,339.5],[3183.0,339.5],[3184.0,339.5],[3185.0,339.5],[3186.0,339.5],[3187.0,339.5],[3188.0,339.5],[3189.0,339.5],[3190.0,339.5],[3191.0,339.5],[3192.0,339.5],[3193.0,339.5],[3194.0,339.5],[3195.0,339.5],[3196.0,339.5],[3197.0,339.5],[3198.0,339.5],[3199.0,339.5],[3200.0,339.5],[3201.0,339.5],[3202.0,339.5],[3203.0,339.5],[3204.0,339.5],[3205.0,339.5],[3206.0,339.5],[3207.0,339.5],[3208.0,339.5],[3209.0,339.5],[3210.0,339.5],[3210.5,340.0],[3210.0,340.5]]",243109.68361664,431099.49308014,107.39130402,167.993154,0.09483024,19.308498,0.00604036,,원본사진/DJI_20260826094118_0100_V.JPG,"[""512원본타일/DJI_20260826094118_0100_V__x03072_y00000.png"",""512원본타일/DJI_20260826094118_0100_V__x02560_y00000.png""]","[""512라벨오버레이/DJI_20260826094118_0100_V__x03072_y00000.png"",""512라벨오버레이/DJI_20260826094118_0100_V__x02560_y00000.png""]"
DJI_20260826094549_0300_V.JPG,D000354,CRC,균열,"[[411.0,1222.5],[410.5,1222.0],[410.5,1221.0],[410.5,1220.0],[410.5,1219.0],[410.5,1218.0],[410.5,1217.0],[410.5,1216.0],[410.5,1215.0],[410.5,1214.0],[410.5,1213.0],[410.5,1212.0],[410.5,1211.0],[410.5,1210.0],[410.5,1209.0],[410.5,1208.0],[410.5,1207.0],[410.5,1206.0],[410.5,1205.0],[410.5,1204.0],[410.5,1203.0],[410.5,1202.0],[410.5,1201.0],[410.5,1200.0],[410.5,1199.0],[410.5,1198.0],[410.5,1197.0],[410.5,1196.0],[410.5,1195.0],[410.5,1194.0],[410.5,1193.0],[411.0,1192.5],[411.5,1193.0],[411.5,1194.0],[411.5,1195.0],[411.5,1196.0],[411.5,1197.0],[411.5,1198.0],[411.5,1199.0],[411.5,1200.0],[411.5,1201.0],[411.5,1202.0],[411.5,1203.0],[411.5,1204.0],[411.5,1205.0],[411.5,1206.0],[411.5,1207.0],[411.5,1208.0],[411.5,1209.0],[411.5,1210.0],[411.5,1211.0],[411.5,1212.0],[411.5,1213.0],[411.5,1214.0],[411.5,1215.0],[411.5,1216.0],[411.5,1217.0],[411.5,1218.0],[411.5,1219.0],[411.5,1220.0],[411.5,1221.0],[411.5,1222.0],[411.0,1222.5]]",243118.91292191,431072.39550781,105.3340683,184.054756,0.08540984,7.526194,0.00310979,,원본사진/DJI_20260826094549_0300_V.JPG,"[""512원본타일/DJI_20260826094549_0300_V__x00000_y01024.png""]","[""512라벨오버레이/DJI_20260826094549_0300_V__x00000_y01024.png""]"
DJI_20260826094549_0300_V.JPG,D000355,CRC,균열,"[[60.0,1917.5],[59.0,1917.5],[58.0,1917.5],[57.0,1917.5],[56.0,1917.5],[55.0,1917.5],[54.0,1917.5],[53.0,1917.5],[52.0,1917.5],[51.0,1917.5],[50.0,1917.5],[49.0,1917.5],[48.5,1917.0],[49.0,1916.5],[50.0,1916.5],[51.0,1916.5],[52.0,1916.5],[53.0,1916.5],[54.0,1916.5],[55.0,1916.5],[56.0,1916.5],[57.0,1916.5],[58.0,1916.5],[59.0,1916.5],[60.0,1916.5],[60.5,1917.0],[60.0,1917.5]]",243118.70837402,431072.32778168,104.99413872,160.363935,0.06098614,35.690424,0.01445438,,원본사진/DJI_20260826094549_0300_V.JPG,"[""512원본타일/DJI_20260826094549_0300_V__x00000_y01536.png""]","[""512라벨오버레이/DJI_20260826094549_0300_V__x00000_y01536.png""]"
DJI_20260826094549_0300_V.JPG,D000356,CRC,균열,"[[2422.0,1964.5],[2421.0,1964.5],[2420.0,1964.5],[2419.0,1964.5],[2418.0,1964.5],[2417.0,1964.5],[2416.0,1964.5],[2415.0,1964.5],[2414.0,1964.5],[2413.0,1964.5],[2412.0,1964.5],[2411.0,1964.5],[2410.0,1964.5],[2409.0,1964.5],[2408.0,1964.5],[2407.0,1964.5],[2406.0,1964.5],[2405.0,1964.5],[2404.0,1964.5],[2403.5,1964.0],[2404.0,1963.5],[2405.0,1963.5],[2406.0,1963.5],[2407.0,1963.5],[2408.0,1963.5],[2409.0,1963.5],[2410.0,1963.5],[2411.0,1963.5],[2412.0,1963.5],[2413.0,1963.5],[2414.0,1963.5],[2415.0,1963.5],[2416.0,1963.5],[2417.0,1963.5],[2418.0,1963.5],[2419.0,1963.5],[2420.0,1963.5],[2421.0,1963.5],[2422.0,1963.5],[2422.5,1964.0],[2422.0,1964.5]]",243119.1307106,431071.39181519,104.96220589,484.080132,0.21904724,77.496588,0.03290222,,원본사진/DJI_20260826094549_0300_V.JPG,"[""512원본타일/DJI_20260826094549_0300_V__x02560_y01536.png"",""512원본타일/DJI_20260826094549_0300_V__x02048_y01536.png""]","[""512라벨오버레이/DJI_20260826094549_0300_V__x02560_y01536.png"",""512라벨오버레이/DJI_20260826094549_0300_V__x02048_y01536.png""]"
DJI_20260826094549_0300_V.JPG,D000358,CRC,균열,"[[1079.0,2155.5],[1078.0,2155.5],[1077.0,2155.5],[1076.0,2155.5],[1075.0,2155.5],[1074.0,2155.5],[1073.0,2155.5],[1072.0,2155.5],[1071.0,2155.5],[1070.0,2155.5],[1069.0,2155.5],[1068.0,2155.5],[1067.0,2155.5],[1066.0,2155.5],[1065.0,2155.5],[1064.0,2155.5],[1063.0,2155.5],[1062.0,2155.5],[1061.0,2155.5],[1060.5,2155.0],[1061.0,2154.5],[1062.0,2154.5],[1063.0,2154.5],[1064.0,2154.5],[1065.0,2154.5],[1066.0,2154.5],[1067.0,2154.5],[1068.0,2154.5],[1069.0,2154.5],[1070.0,2154.5],[1071.0,2154.5],[1072.0,2154.5],[1073.0,2154.5],[1074.0,2154.5],[1075.0,2154.5],[1076.0,2154.5],[1077.0,2154.5],[1078.0,2154.5],[1079.0,2154.5],[1079.5,2155.0],[1079.0,2155.5]]",243119.0212822,431071.97795868,104.92699432,699.398403,0.34337356,56.536066,0.02568693,,원본사진/DJI_20260826094549_0300_V.JPG,"[""512원본타일/DJI_20260826094549_0300_V__x01024_y02048.png"",""512원본타일/DJI_20260826094549_0300_V__x01024_y01536.png"",""512원본타일/DJI_20260826094549_0300_V__x01536_y01536.png"",""512원본타일/DJI_20260826094549_0300_V__x00512_y02048.png""]","[""512라벨오버레이/DJI_20260826094549_0300_V__x01024_y02048.png"",""512라벨오버레이/DJI_20260826094549_0300_V__x01024_y01536.png"",""512라벨오버레이/DJI_20260826094549_0300_V__x01536_y01536.png"",""512라벨오버레이/DJI_20260826094549_0300_V__x00512_y02048.png""]"
DJI_20260826094549_0300_V.JPG,D000359,CRC,균열,"[[1900.0,1944.5],[1899.0,1944.5],[1898.0,1944.5],[1897.0,1944.5],[1896.0,1944.5],[1895.0,1944.5],[1894.0,1944.5],[1893.0,1944.5],[1892.0,1944.5],[1891.0,1944.5],[1890.0,1944.5],[1889.0,1944.5],[1888.0,1944.5],[1887.0,1944.5],[1886.0,1944.5],[1885.0,1944.5],[1884.0,1944.5],[1883.0,1944.5],[1882.0,1944.5],[1881.0,1944.5],[1880.0,1944.5],[1879.0,1944.5],[1878.0,1944.5],[1877.0,1944.5],[1876.0,1944.5],[1875.0,1944.5],[1874.0,1944.5],[1873.5,1944.0],[1874.0,1943.5],[1875.0,1943.5],[1876.0,1943.5],[1877.0,1943.5],[1878.0,1943.5],[1879.0,1943.5],[1880.0,1943.5],[1881.0,1943.5],[1882.0,1943.5],[1883.0,1943.5],[1884.0,1943.5],[1885.0,1943.5],[1886.0,1943.5],[1887.0,1943.5],[1888.0,1943.5],[1889.0,1943.5],[1890.0,1943.5],[1891.0,1943.5],[1892.0,1943.5],[1893.0,1943.5],[1894.0,1943.5],[1895.0,1943.5],[1896.0,1943.5],[1897.0,1943.5],[1898.0,1943.5],[1899.0,1943.5],[1900.0,1943.5],[1900.5,1944.0],[1900.0,1944.5]]",243119.1189537,431071.70785522,104.97982597,311.68344,0.28757563,25.098541,0.01131855,,원본사진/DJI_20260826094549_0300_V.JPG,"[""512원본타일/DJI_20260826094549_0300_V__x01536_y01536.png"",""512원본타일/DJI_20260826094549_0300_V__x02048_y01536.png""]","[""512라벨오버레이/DJI_20260826094549_0300_V__x01536_y01536.png"",""512라벨오버레이/DJI_20260826094549_0300_V__x02048_y01536.png""]"
DJI_20260826094549_0300_V.JPG,D000360,CRC,균열,"[[2180.0,1978.5],[2179.0,1978.5],[2178.0,1978.5],[2177.0,1978.5],[2176.0,1978.5],[2175.0,1978.5],[2174.0,1978.5],[2173.0,1978.5],[2172.0,1978.5],[2171.0,1978.5],[2170.0,1978.5],[2169.0,1978.5],[2168.0,1978.5],[2167.0,1978.5],[2166.0,1978.5],[2165.0,1978.5],[2164.0,1978.5],[2163.5,1978.0],[2164.0,1977.5],[2165.0,1977.5],[2166.0,1977.5],[2167.0,1977.5],[2168.0,1977.5],[2169.0,1977.5],[2170.0,1977.5],[2171.0,1977.5],[2172.0,1977.5],[2173.0,1977.5],[2174.0,1977.5],[2175.0,1977.5],[2176.0,1977.5],[2177.0,1977.5],[2178.0,1977.5],[2179.0,1977.5],[2180.0,1977.5],[2180.5,1978.0],[2180.0,1978.5]]",243119.08113098,431071.58657074,104.96943092,93.98502,0.04209384,13.946226,0.00602089,,원본사진/DJI_20260826094549_0300_V.JPG,"[""512원본타일/DJI_20260826094549_0300_V__x02048_y01536.png""]","[""512라벨오버레이/DJI_20260826094549_0300_V__x02048_y01536.png""]"
DJI_20260826094549_0300_V.JPG,D000364,CRC,균열,"[[2998.0,2011.5],[2999.0,2011.5],[3000.0,2011.5],[3001.0,2011.5],[3002.0,2011.5],[3003.0,2011.5],[3004.0,2011.5],[3005.0,2011.5],[3006.0,2011.5],[3007.0,2011.5],[3008.0,2011.5],[3009.0,2011.5],[3010.0,2011.5],[3011.0,2011.5],[3012.0,2011.5],[3012.5,2012.0],[3012.0,2012.5],[3011.0,2012.5],[3010.0,2012.5],[3009.0,2012.5],[3008.0,2012.5],[3007.0,2012.5],[3006.0,2012.5],[3005.0,2012.5],[3004.0,2012.5],[3003.0,2012.5],[3002.0,2012.5],[3001.0,2012.5],[3000.0,2012.5],[2999.0,2012.5],[2998.0,2012.5]]",243119.16087341,431071.19852448,104.95408821,136.116606,0.05673956,11.858441,0.00491109,,원본사진/DJI_20260826094549_0300_V.JPG,"[""512원본타일/DJI_20260826094549_0300_V__x02560_y01536.png"",""512원본타일/DJI_20260826094549_0300_V__x03072_y01536.png""]","[""512라벨오버레이/DJI_20260826094549_0300_V__x02560_y01536.png"",""512라벨오버레이/DJI_20260826094549_0300_V__x03072_y01536.png""]"
DJI_20260826094549_0300_V.JPG,D000365,CRC,균열,"[[722.0,2150.5],[721.0,2150.5],[720.0,2150.5],[719.0,2150.5],[718.0,2150.5],[717.0,2150.5],[716.0,2150.5],[715.0,2150.5],[714.0,2150.5],[713.0,2150.5],[712.0,2150.5],[711.0,2150.5],[710.0,2150.5],[709.0,2150.5],[708.0,2150.5],[707.0,2150.5],[706.0,2150.5],[705.0,2150.5],[704.0,2150.5],[703.0,2150.5],[702.0,2150.5],[701.0,2150.5],[700.0,2150.5],[699.5,2150.0],[700.0,2149.5],[701.0,2149.5],[702.0,2149.5],[703.0,2149.5],[704.0,2149.5],[705.0,2149.5],[706.0,2149.5],[707.0,2149.5],[708.0,2149.5],[709.0,2149.5],[710.0,2149.5],[711.0,2149.5],[712.0,2149.5],[713.0,2149.5],[714.0,2149.5],[715.0,2149.5],[716.0,2149.5],[717.0,2149.5],[718.0,2149.5],[719.0,2149.5],[720.0,2149.5],[721.0,2149.5],[722.0,2149.5],[722.5,2150.0],[722.0,2150.5]]",243118.95409393,431072.18851471,104.8867588,278.376422,0.11413976,36.097721,0.01641906,,원본사진/DJI_20260826094549_0300_V.JPG,"[""512원본타일/DJI_20260826094549_0300_V__x00512_y02048.png""]","[""512라벨오버레이/DJI_20260826094549_0300_V__x00512_y02048.png""]"
DJI_20260826094700_0360_V.JPG,D000395,CRC,균열,"[[1909.0,233.5],[1908.5,233.0],[1908.5,232.0],[1908.5,231.0],[1908.5,230.0],[1908.5,229.0],[1908.5,228.0],[1908.5,227.0],[1908.5,226.0],[1908.5,225.0],[1908.5,224.0],[1908.5,223.0],[1908.5,222.0],[1908.5,221.0],[1908.5,220.0],[1908.5,219.0],[1908.5,218.0],[1908.5,217.0],[1908.5,216.0],[1908.5,215.0],[1908.5,214.0],[1908.5,213.0],[1908.5,212.0],[1908.5,211.0],[1908.5,210.0],[1908.5,209.0],[1908.5,208.0],[1909.0,207.5],[1909.5,208.0],[1909.5,209.0],[1909.5,210.0],[1909.5,211.0],[1909.5,212.0],[1909.5,213.0],[1909.5,214.0],[1909.5,215.0],[1909.5,216.0],[1909.5,217.0],[1909.5,218.0],[1909.5,219.0],[1909.5,220.0],[1909.5,221.0],[1909.5,222.0],[1909.5,223.0],[1909.5,224.0],[1909.5,225.0],[1909.5,226.0],[1909.5,227.0],[1909.5,228.0],[1909.5,229.0],[1909.5,230.0],[1909.5,231.0],[1909.5,232.0],[1909.5,233.0],[1909.0,233.5]]",243111.11343002,431095.18745422,105.9384613,178.93126,0.11278034,8.249967,0.00708473,,원본사진/DJI_20260826094700_0360_V.JPG,"[""512원본타일/DJI_20260826094700_0360_V__x01536_y00000.png""]","[""512라벨오버레이/DJI_20260826094700_0360_V__x01536_y00000.png""]"
DJI_20260826094700_0360_V.JPG,D000396,CRC,균열,"[[1963.0,635.5],[1962.5,635.0],[1962.5,634.0],[1962.5,633.0],[1962.5,632.0],[1962.5,631.0],[1963.0,630.5],[1963.5,631.0],[1963.5,632.0],[1963.5,633.0],[1963.5,634.0],[1963.5,635.0],[1963.0,635.5]]",243111.00601196,431095.12104034,105.63775635,101.793306,0.13544705,7.004409,0.01042054,,원본사진/DJI_20260826094700_0360_V.JPG,"[""512원본타일/DJI_20260826094700_0360_V__x01536_y00512.png""]","[""512라벨오버레이/DJI_20260826094700_0360_V__x01536_y00512.png""]"
DJI_20260826094700_0360_V.JPG,D000397,CRC,균열,"[[1966.0,681.5],[1965.5,681.0],[1965.5,680.0],[1965.5,679.0],[1965.5,678.0],[1965.5,677.0],[1965.5,676.0],[1965.5,675.0],[1965.5,674.0],[1965.5,673.0],[1965.5,672.0],[1965.5,671.0],[1965.5,670.0],[1965.5,669.0],[1965.5,668.0],[1965.5,667.0],[1965.5,666.0],[1965.5,665.0],[1965.5,664.0],[1965.5,663.0],[1965.5,662.0],[1965.5,661.0],[1965.5,660.0],[1965.5,659.0],[1966.0,658.5],[1966.5,659.0],[1966.5,660.0],[1966.5,661.0],[1966.5,662.0],[1966.5,663.0],[1966.5,664.0],[1966.5,665.0],[1966.5,666.0],[1966.5,667.0],[1966.5,668.0],[1966.5,669.0],[1966.5,670.0],[1966.5,671.0],[1966.5,672.0],[1966.5,673.0],[1966.5,674.0],[1966.5,675.0],[1966.5,676.0],[1966.5,677.0],[1966.5,678.0],[1966.5,679.0],[1966.5,680.0],[1966.5,681.0],[1966.0,681.5]]",243111.01164627,431095.10356903,105.4291954,626.619839,0.37376686,51.950794,0.04070499,,원본사진/DJI_20260826094700_0360_V.JPG,"[""512원본타일/DJI_20260826094700_0360_V__x01536_y00512.png"",""512원본타일/DJI_20260826094700_0360_V__x01536_y01024.png""]","[""512라벨오버레이/DJI_20260826094700_0360_V__x01536_y00512.png"",""512라벨오버레이/DJI_20260826094700_0360_V__x01536_y01024.png""]"
DJI_20260826094700_0360_V.JPG,D000398,CRC,균열,"[[4602.0,1331.5],[4601.0,1331.5],[4600.0,1331.5],[4599.0,1331.5],[4598.0,1331.5],[4597.0,1331.5],[4596.0,1331.5],[4595.0,1331.5],[4594.0,1331.5],[4593.0,1331.5],[4592.0,1331.5],[4591.0,1331.5],[4590.0,1331.5],[4589.0,1331.5],[4588.0,1331.5],[4587.0,1331.5],[4586.0,1331.5],[4585.0,1331.5],[4584.0,1331.5],[4583.0,1331.5],[4582.0,1331.5],[4581.0,1331.5],[4580.0,1331.5],[4579.0,1331.5],[4578.0,1331.5],[4577.5,1331.0],[4578.0,1330.5],[4579.0,1330.5],[4580.0,1330.5],[4581.0,1330.5],[4582.0,1330.5],[4583.0,1330.5],[4584.0,1330.5],[4585.0,1330.5],[4586.0,1330.5],[4587.0,1330.5],[4588.0,1330.5],[4589.0,1330.5],[4590.0,1330.5],[4591.0,1330.5],[4592.0,1330.5],[4593.0,1330.5],[4594.0,1330.5],[4595.0,1330.5],[4596.0,1330.5],[4597.0,1330.5],[4598.0,1330.5],[4599.0,1330.5],[4600.0,1330.5],[4601.0,1330.5],[4602.0,1330.5],[4602.5,1331.0],[4602.0,1331.5]]",243111.63079071,431093.57415771,105.25967789,208.547473,0.40343373,14.060763,0.00950254,,원본사진/DJI_20260826094700_0360_V.JPG,"[""512원본타일/DJI_20260826094700_0360_V__x04096_y01024.png"",""512원본타일/DJI_20260826094700_0360_V__x04608_y01024.png""]","[""512라벨오버레이/DJI_20260826094700_0360_V__x04096_y01024.png"",""512라벨오버레이/DJI_20260826094700_0360_V__x04608_y01024.png""]"
DJI_20260826094700_0360_V.JPG,D000399,CRC,균열,"[[4336.0,1364.5],[4337.0,1364.5],[4338.0,1364.5],[4339.0,1364.5],[4340.0,1364.5],[4341.0,1364.5],[4342.0,1364.5],[4343.0,1364.5],[4344.0,1364.5],[4345.0,1364.5],[4346.0,1364.5],[4347.0,1364.5],[4348.0,1364.5],[4349.0,1364.5],[4350.0,1364.5],[4351.0,1364.5],[4352.0,1364.5],[4353.0,1364.5],[4354.0,1364.5],[4355.0,1364.5],[4356.0,1364.5],[4357.0,1364.5],[4358.0,1364.5],[4359.0,1364.5],[4360.0,1364.5],[4361.0,1364.5],[4362.0,1364.5],[4363.0,1364.5],[4364.0,1364.5],[4365.0,1364.5],[4366.0,1364.5],[4367.0,1364.5],[4368.0,1364.5],[4369.0,1364.5],[4370.0,1364.5],[4370.5,1365.0],[4370.0,1365.5],[4369.0,1365.5],[4368.0,1365.5],[4367.0,1365.5],[4366.0,1365.5],[4365.0,1365.5],[4364.0,1365.5],[4363.0,1365.5],[4362.0,1365.5],[4361.0,1365.5],[4360.0,1365.5],[4359.0,1365.5],[4358.0,1365.5],[4357.0,1365.5],[4356.0,1365.5],[4355.0,1365.5],[4354.0,1365.5],[4353.0,1365.5],[4352.0,1365.5],[4351.0,1365.5],[4350.0,1365.5],[4349.0,1365.5],[4348.0,1365.5],[4347.0,1365.5],[4346.0,1365.5],[4345.0,1365.5],[4344.0,1365.5],[4343.0,1365.5],[4342.0,1365.5],[4341.0,1365.5],[4340.0,1365.5],[4339.0,1365.5],[4338.0,1365.5],[4337.0,1365.5],[4336.0,1365.5]]",243111.59983063,431093.67258453,105.24123573,101.543983,0.06344597,5.522554,0.00360254,,원본사진/DJI_20260826094700_0360_V.JPG,"[""512원본타일/DJI_20260826094700_0360_V__x04096_y01024.png""]","[""512라벨오버레이/DJI_20260826094700_0360_V__x04096_y01024.png""]"
DJI_20260826094700_0360_V.JPG,D000400,CRC,균열,"[[4288.0,1362.5],[4287.0,1362.5],[4286.0,1362.5],[4285.0,1362.5],[4284.0,1362.5],[4283.0,1362.5],[4282.0,1362.5],[4281.5,1362.0],[4282.0,1361.5],[4283.0,1361.5],[4284.0,1361.5],[4285.0,1361.5],[4286.0,1361.5],[4287.0,1361.5],[4288.0,1361.5],[4288.5,1362.0],[4288.0,1362.5]]",243111.52228165,431093.7796402,105.22365951,136.184386,0.08373744,8.913528,0.00569063,,원본사진/DJI_20260826094700_0360_V.JPG,"[""512원본타일/DJI_20260826094700_0360_V__x04096_y01024.png""]","[""512라벨오버레이/DJI_20260826094700_0360_V__x04096_y01024.png""]"
DJI_20260826094700_0360_V.JPG,D000401,CRC,균열,"[[3488.0,1357.5],[3487.0,1357.5],[3486.0,1357.5],[3485.0,1357.5],[3484.0,1357.5],[3483.0,1357.5],[3482.0,1357.5],[3481.0,1357.5],[3480.0,1357.5],[3479.0,1357.5],[3478.0,1357.5],[3477.0,1357.5],[3476.0,1357.5],[3475.0,1357.5],[3474.0,1357.5],[3473.0,1357.5],[3472.0,1357.5],[3471.0,1357.5],[3470.0,1357.5],[3469.0,1357.5],[3468.0,1357.5],[3467.0,1357.5],[3466.0,1357.5],[3465.0,1357.5],[3464.0,1357.5],[3463.5,1357.0],[3464.0,1356.5],[3465.0,1356.5],[3466.0,1356.5],[3467.0,1356.5],[3468.0,1356.5],[3469.0,1356.5],[3470.0,1356.5],[3471.0,1356.5],[3472.0,1356.5],[3473.0,1356.5],[3474.0,1356.5],[3475.0,1356.5],[3476.0,1356.5],[3477.0,1356.5],[3478.0,1356.5],[3479.0,1356.5],[3480.0,1356.5],[3481.0,1356.5],[3482.0,1356.5],[3483.0,1356.5],[3484.0,1356.5],[3485.0,1356.5],[3486.0,1356.5],[3487.0,1356.5],[3488.0,1356.5],[3488.5,1357.0],[3488.0,1357.5]]",243110.87493134,431094.253479,105.14768219,214.786431,0.1031601,45.268212,0.02265297,,원본사진/DJI_20260826094700_0360_V.JPG,"[""512원본타일/DJI_20260826094700_0360_V__x03072_y01024.png""]","[""512라벨오버레이/DJI_20260826094700_0360_V__x03072_y01024.png""]"
DJI_20260826094700_0360_V.JPG,D000402,CRC,균열,"[[5017.0,1403.5],[5016.0,1403.5],[5015.0,1403.5],[5014.0,1403.5],[5013.0,1403.5],[5012.0,1403.5],[5011.0,1403.5],[5010.0,1403.5],[5009.0,1403.5],[5008.0,1403.5],[5007.0,1403.5],[5006.0,1403.5],[5005.0,1403.5],[5004.0,1403.5],[5003.0,1403.5],[5002.0,1403.5],[5001.5,1403.0],[5002.0,1402.5],[5003.0,1402.5],[5004.0,1402.5],[5005.0,1402.5],[5006.0,1402.5],[5007.0,1402.5],[5008.0,1402.5],[5009.0,1402.5],[5010.0,1402.5],[5011.0,1402.5],[5012.0,1402.5],[5013.0,1402.5],[5014.0,1402.5],[5015.0,1402.5],[5016.0,1402.5],[5017.0,1402.5],[5017.5,1403.0],[5017.0,1403.5]]",243111.77972031,431093.22848511,105.22667503,315.250896,0.1989645,25.53508,0.01716324,,원본사진/DJI_20260826094700_0360_V.JPG,"[""512원본타일/DJI_20260826094700_0360_V__x04608_y01024.png"",""512원본타일/DJI_20260826094700_0360_V__x05120_y01024.png""]","[""512라벨오버레이/DJI_20260826094700_0360_V__x04608_y01024.png"",""512라벨오버레이/DJI_20260826094700_0360_V__x05120_y01024.png""]"
DJI_20260826094700_0360_V.JPG,D000403,CRC,균열,"[[3247.0,1457.5],[3248.0,1457.5],[3249.0,1457.5],[3250.0,1457.5],[3251.0,1457.5],[3252.0,1457.5],[3253.0,1457.5],[3254.0,1457.5],[3255.0,1457.5],[3256.0,1457.5],[3257.0,1457.5],[3258.0,1457.5],[3259.0,1457.5],[3260.0,1457.5],[3261.0,1457.5],[3262.0,1457.5],[3263.0,1457.5],[3264.0,1457.5],[3265.0,1457.5],[3266.0,1457.5],[3267.0,1457.5],[3268.0,1457.5],[3269.0,1457.5],[3270.0,1457.5],[3270.5,1458.0],[3270.0,1458.5],[3269.0,1458.5],[3268.0,1458.5],[3267.0,1458.5],[3266.0,1458.5],[3265.0,1458.5],[3264.0,1458.5],[3263.0,1458.5],[3262.0,1458.5],[3261.0,1458.5],[3260.0,1458.5],[3259.0,1458.5],[3258.0,1458.5],[3257.0,1458.5],[3256.0,1458.5],[3255.0,1458.5],[3254.0,1458.5],[3253.0,1458.5],[3252.0,1458.5],[3251.0,1458.5],[3250.0,1458.5],[3249.0,1458.5],[3248.0,1458.5],[3247.0,1458.5]]",243110.86632538,431094.33758545,105.09305191,112.588769,0.05703918,21.356993,0.0106322,,원본사진/DJI_20260826094700_0360_V.JPG,"[""512원본타일/DJI_20260826094700_0360_V__x03072_y01024.png""]","[""512라벨오버레이/DJI_20260826094700_0360_V__x03072_y01024.png""]"
DJI_20260826094700_0360_V.JPG,D000404,CRC,균열,"[[2517.0,1506.5],[2516.0,1506.5],[2515.0,1506.5],[2514.0,1506.5],[2513.0,1506.5],[2512.0,1506.5],[2511.0,1506.5],[2510.5,1506.0],[2511.0,1505.5],[2512.0,1505.5],[2513.0,1505.5],[2514.0,1505.5],[2515.0,1505.5],[2516.0,1505.5],[2517.0,1505.5],[2517.5,1506.0],[2517.0,1506.5]]",243111.23922348,431094.84318542,105.13645554,95.122392,0.05951866,11.709991,0.00741987,,원본사진/DJI_20260826094700_0360_V.JPG,"[""512원본타일/DJI_20260826094700_0360_V__x02048_y01024.png""]","[""512라벨오버레이/DJI_20260826094700_0360_V__x02048_y01024.png""]"
DJI_20260826094700_0360_V.JPG,D000405,CRC,균열,"[[2858.0,1490.5],[2857.0,1490.5],[2856.0,1490.5],[2855.0,1490.5],[2854.0,1490.5],[2853.0,1490.5],[2852.0,1490.5],[2851.0,1490.5],[2850.5,1490.0],[2851.0,1489.5],[2852.0,1489.5],[2853.0,1489.5],[2854.0,1489.5],[2855.0,1489.5],[2856.0,1489.5],[2857.0,1489.5],[2858.0,1489.5],[2858.5,1490.0],[2858.0,1490.5]]",243111.07323074,431094.61590576,105.11465263,110.527132,0.06442962,10.145995,0.00575803,,원본사진/DJI_20260826094700_0360_V.JPG,"[""512원본타일/DJI_20260826094700_0360_V__x02560_y01024.png""]","[""512라벨오버레이/DJI_20260826094700_0360_V__x02560_y01024.png""]"
DJI_20260826094700_0360_V.JPG,D000406,CRC,균열,"[[1924.0,1900.5],[1923.5,1900.0],[1923.5,1899.0],[1923.5,1898.0],[1923.5,1897.0],[1923.5,1896.0],[1923.5,1895.0],[1923.5,1894.0],[1923.5,1893.0],[1923.5,1892.0],[1923.5,1891.0],[1923.5,1890.0],[1923.5,1889.0],[1923.5,1888.0],[1923.5,1887.0],[1923.5,1886.0],[1923.5,1885.0],[1923.5,1884.0],[1923.5,1883.0],[1923.5,1882.0],[1923.5,1881.0],[1923.5,1880.0],[1923.5,1879.0],[1923.5,1878.0],[1923.5,1877.0],[1923.5,1876.0],[1923.5,1875.0],[1923.5,1874.0],[1923.5,1873.0],[1923.5,1872.0],[1923.5,1871.0],[1923.5,1870.0],[1923.5,1869.0],[1923.5,1868.0],[1923.5,1867.0],[1923.5,1866.0],[1923.5,1865.0],[1923.5,1864.0],[1923.5,1863.0],[1923.5,1862.0],[1923.5,1861.0],[1923.5,1860.0],[1923.5,1859.0],[1923.5,1858.0],[1923.5,1857.0],[1924.0,1856.5],[1924.5,1857.0],[1924.5,1858.0],[1924.5,1859.0],[1924.5,1860.0],[1924.5,1861.0],[1924.5,1862.0],[1924.5,1863.0],[1924.5,1864.0],[1924.5,1865.0],[1924.5,1866.0],[1924.5,1867.0],[1924.5,1868.0],[1924.5,1869.0],[1924.5,1870.0],[1924.5,1871.0],[1924.5,1872.0],[1924.5,1873.0],[1924.5,1874.0],[1924.5,1875.0],[1924.5,1876.0],[1924.5,1877.0],[1924.5,1878.0],[1924.5,1879.0],[1924.5,1880.0],[1924.5,1881.0],[1924.5,1882.0],[1924.5,1883.0],[1924.5,1884.0],[1924.5,1885.0],[1924.5,1886.0],[1924.5,1887.0],[1924.5,1888.0],[1924.5,1889.0],[1924.5,1890.0],[1924.5,1891.0],[1924.5,1892.0],[1924.5,1893.0],[1924.5,1894.0],[1924.5,1895.0],[1924.5,1896.0],[1924.5,1897.0],[1924.5,1898.0],[1924.5,1899.0],[1924.5,1900.0],[1924.0,1900.5]]",243111.00468063,431095.13040924,104.91840935,676.991526,0.39288616,22.609388,0.04105925,,원본사진/DJI_20260826094700_0360_V.JPG,"[""512원본타일/DJI_20260826094700_0360_V__x01536_y01536.png"",""512원본타일/DJI_20260826094700_0360_V__x01536_y01024.png"",""512원본타일/DJI_20260826094700_0360_V__x01536_y02048.png""]","[""512라벨오버레이/DJI_20260826094700_0360_V__x01536_y01536.png"",""512라벨오버레이/DJI_20260826094700_0360_V__x01536_y01024.png"",""512라벨오버레이/DJI_20260826094700_0360_V__x01536_y02048.png""]"
DJI_20260826094700_0360_V.JPG,D000407,CRC,균열,"[[1912.0,2334.5],[1911.5,2334.0],[1911.5,2333.0],[1911.5,2332.0],[1911.5,2331.0],[1911.5,2330.0],[1911.5,2329.0],[1911.5,2328.0],[1911.5,2327.0],[1911.5,2326.0],[1911.5,2325.0],[1911.5,2324.0],[1911.5,2323.0],[1911.5,2322.0],[1911.5,2321.0],[1911.5,2320.0],[1911.5,2319.0],[1911.5,2318.0],[1912.0,2317.5],[1912.5,2318.0],[1912.5,2319.0],[1912.5,2320.0],[1912.5,2321.0],[1912.5,2322.0],[1912.5,2323.0],[1912.5,2324.0],[1912.5,2325.0],[1912.5,2326.0],[1912.5,2327.0],[1912.5,2328.0],[1912.5,2329.0],[1912.5,2330.0],[1912.5,2331.0],[1912.5,2332.0],[1912.5,2333.0],[1912.5,2334.0],[1912.0,2334.5]]",243111.01042938,431095.13977051,104.63075256,87.562287,0.05631424,6.978187,0.01267905,,원본사진/DJI_20260826094700_0360_V.JPG,"[""512원본타일/DJI_20260826094700_0360_V__x01536_y02048.png""]","[""512라벨오버레이/DJI_20260826094700_0360_V__x01536_y02048.png""]"
DJI_20260826094700_0360_V.JPG,D000408,CRC,균열,"[[1922.0,2437.5],[1921.5,2437.0],[1921.5,2436.0],[1921.5,2435.0],[1921.5,2434.0],[1921.5,2433.0],[1921.5,2432.0],[1921.5,2431.0],[1921.5,2430.0],[1921.5,2429.0],[1921.5,2428.0],[1921.5,2427.0],[1921.5,2426.0],[1921.5,2425.0],[1921.5,2424.0],[1921.5,2423.0],[1921.5,2422.0],[1921.5,2421.0],[1921.5,2420.0],[1922.0,2419.5],[1922.5,2420.0],[1922.5,2421.0],[1922.5,2422.0],[1922.5,2423.0],[1922.5,2424.0],[1922.5,2425.0],[1922.5,2426.0],[1922.5,2427.0],[1922.5,2428.0],[1922.5,2429.0],[1922.5,2430.0],[1922.5,2431.0],[1922.5,2432.0],[1922.5,2433.0],[1922.5,2434.0],[1922.5,2435.0],[1922.5,2436.0],[1922.5,2437.0],[1922.0,2437.5]]",243110.99738693,431095.12910461,104.56332397,96.0,0.05532987,3.0,0.00545153,,원본사진/DJI_20260826094700_0360_V.JPG,"[""512원본타일/DJI_20260826094700_0360_V__x01536_y02048.png""]","[""512라벨오버레이/DJI_20260826094700_0360_V__x01536_y02048.png""]"
DJI_20260826094700_0360_V.JPG,D000409,CRC,균열,"[[1929.0,2784.5],[1928.5,2784.0],[1928.5,2783.0],[1928.5,2782.0],[1928.5,2781.0],[1928.5,2780.0],[1928.5,2779.0],[1928.5,2778.0],[1928.5,2777.0],[1928.5,2776.0],[1928.5,2775.0],[1928.5,2774.0],[1928.5,2773.0],[1928.5,2772.0],[1928.5,2771.0],[1928.5,2770.0],[1928.5,2769.0],[1928.5,2768.0],[1928.5,2767.0],[1928.5,2766.0],[1929.0,2765.5],[1929.5,2766.0],[1929.5,2767.0],[1929.5,2768.0],[1929.5,2769.0],[1929.5,2770.0],[1929.5,2771.0],[1929.5,2772.0],[1929.5,2773.0],[1929.5,2774.0],[1929.5,2775.0],[1929.5,2776.0],[1929.5,2777.0],[1929.5,2778.0],[1929.5,2779.0],[1929.5,2780.0],[1929.5,2781.0],[1929.5,2782.0],[1929.5,2783.0],[1929.5,2784.0],[1929.0,2784.5]]",243110.98121643,431095.11714935,104.39294434,101.075803,0.05836128,6.133382,0.01105927,,원본사진/DJI_20260826094700_0360_V.JPG,"[""512원본타일/DJI_20260826094700_0360_V__x01536_y02560.png""]","[""512라벨오버레이/DJI_20260826094700_0360_V__x01536_y02560.png""]"
DJI_20260826094700_0360_V.JPG,D000411,CRC,균열,"[[2074.0,3141.5],[2073.5,3141.0],[2073.5,3140.0],[2073.5,3139.0],[2073.5,3138.0],[2073.5,3137.0],[2073.5,3136.0],[2073.5,3135.0],[2073.5,3134.0],[2073.5,3133.0],[2073.5,3132.0],[2073.5,3131.0],[2073.5,3130.0],[2073.5,3129.0],[2073.5,3128.0],[2073.5,3127.0],[2073.5,3126.0],[2073.5,3125.0],[2073.5,3124.0],[2073.5,3123.0],[2073.5,3122.0],[2073.5,3121.0],[2073.5,3120.0],[2073.5,3119.0],[2073.5,3118.0],[2073.5,3117.0],[2073.5,3116.0],[2073.5,3115.0],[2073.5,3114.0],[2073.5,3113.0],[2073.5,3112.0],[2073.5,3111.0],[2073.5,3110.0],[2073.5,3109.0],[2073.5,3108.0],[2073.5,3107.0],[2074.0,3106.5],[2074.5,3107.0],[2074.5,3108.0],[2074.5,3109.0],[2074.5,3110.0],[2074.5,3111.0],[2074.5,3112.0],[2074.5,3113.0],[2074.5,3114.0],[2074.5,3115.0],[2074.5,3116.0],[2074.5,3117.0],[2074.5,3118.0],[2074.5,3119.0],[2074.5,3120.0],[2074.5,3121.0],[2074.5,3122.0],[2074.5,3123.0],[2074.5,3124.0],[2074.5,3125.0],[2074.5,3126.0],[2074.5,3127.0],[2074.5,3128.0],[2074.5,3129.0],[2074.5,3130.0],[2074.5,3131.0],[2074.5,3132.0],[2074.5,3133.0],[2074.5,3134.0],[2074.5,3135.0],[2074.5,3136.0],[2074.5,3137.0],[2074.5,3138.0],[2074.5,3139.0],[2074.5,3140.0],[2074.5,3141.0],[2074.0,3141.5]]",243111.1227951,431095.04718781,104.20641899,360.893256,0.26444003,32.152326,0.02512648,,원본사진/DJI_20260826094700_0360_V.JPG,"[""512원본타일/DJI_20260826094700_0360_V__x02048_y02560.png"",""512원본타일/DJI_20260826094700_0360_V__x01536_y03072.png"",""512원본타일/DJI_20260826094700_0360_V__x02048_y03072.png""]","[""512라벨오버레이/DJI_20260826094700_0360_V__x02048_y02560.png"",""512라벨오버레이/DJI_20260826094700_0360_V__x01536_y03072.png"",""512라벨오버레이/DJI_20260826094700_0360_V__x02048_y03072.png""]"
DJI_20260826094700_0360_V.JPG,D000414,CRC,균열,"[[4348.0,3445.5],[4347.0,3445.5],[4346.0,3445.5],[4345.0,3445.5],[4344.0,3445.5],[4343.0,3445.5],[4342.0,3445.5],[4341.0,3445.5],[4340.0,3445.5],[4339.0,3445.5],[4338.0,3445.5],[4337.0,3445.5],[4336.0,3445.5],[4335.0,3445.5],[4334.0,3445.5],[4333.0,3445.5],[4332.0,3445.5],[4331.0,3445.5],[4330.0,3445.5],[4329.0,3445.5],[4328.0,3445.5],[4327.0,3445.5],[4326.0,3445.5],[4325.0,3445.5],[4324.0,3445.5],[4323.0,3445.5],[4322.0,3445.5],[4321.0,3445.5],[4320.0,3445.5],[4319.0,3445.5],[4318.5,3445.0],[4319.0,3444.5],[4320.0,3444.5],[4321.0,3444.5],[4322.0,3444.5],[4323.0,3444.5],[4324.0,3444.5],[4325.0,3444.5],[4326.0,3444.5],[4327.0,3444.5],[4328.0,3444.5],[4329.0,3444.5],[4330.0,3444.5],[4331.0,3444.5],[4332.0,3444.5],[4333.0,3444.5],[4334.0,3444.5],[4335.0,3444.5],[4336.0,3444.5],[4337.0,3444.5],[4338.0,3444.5],[4339.0,3444.5],[4340.0,3444.5],[4341.0,3444.5],[4342.0,3444.5],[4343.0,3444.5],[4344.0,3444.5],[4345.0,3444.5],[4346.0,3444.5],[4347.0,3444.5],[4348.0,3444.5],[4348.5,3445.0],[4348.0,3445.5]]",243111.52215576,431093.75291443,103.90868378,487.294893,0.3146534,18.38042,0.01166818,,원본사진/DJI_20260826094700_0360_V.JPG,"[""512원본타일/DJI_20260826094700_0360_V__x04096_y03072.png"",""512원본타일/DJI_20260826094700_0360_V__x03584_y03072.png""]","[""512라벨오버레이/DJI_20260826094700_0360_V__x04096_y03072.png"",""512라벨오버레이/DJI_20260826094700_0360_V__x03584_y03072.png""]"
DJI_20260826094700_0360_V.JPG,D000415,CRC,균열,"[[1911.0,3663.5],[1910.5,3663.0],[1910.5,3662.0],[1910.5,3661.0],[1910.5,3660.0],[1910.5,3659.0],[1910.5,3658.0],[1910.5,3657.0],[1910.5,3656.0],[1910.5,3655.0],[1910.5,3654.0],[1910.5,3653.0],[1910.5,3652.0],[1910.5,3651.0],[1910.5,3650.0],[1911.0,3649.5],[1911.5,3650.0],[1911.5,3651.0],[1911.5,3652.0],[1911.5,3653.0],[1911.5,3654.0],[1911.5,3655.0],[1911.5,3656.0],[1911.5,3657.0],[1911.5,3658.0],[1911.5,3659.0],[1911.5,3660.0],[1911.5,3661.0],[1911.5,3662.0],[1911.5,3663.0],[1911.0,3663.5]]",243110.99205017,431095.13420105,103.89080429,187.182124,0.10152621,28.33693,0.05488113,,원본사진/DJI_20260826094700_0360_V.JPG,"[""512원본타일/DJI_20260826094700_0360_V__x01536_y03584.png"",""512원본타일/DJI_20260826094700_0360_V__x01536_y03072.png""]","[""512라벨오버레이/DJI_20260826094700_0360_V__x01536_y03584.png"",""512라벨오버레이/DJI_20260826094700_0360_V__x01536_y03072.png""]"
DJI_20260826094700_0360_V.JPG,D000416,CRC,균열,"[[1916.0,3885.5],[1915.5,3885.0],[1915.5,3884.0],[1915.5,3883.0],[1915.5,3882.0],[1915.5,3881.0],[1915.5,3880.0],[1915.5,3879.0],[1915.5,3878.0],[1915.5,3877.0],[1915.5,3876.0],[1915.5,3875.0],[1915.5,3874.0],[1915.5,3873.0],[1915.5,3872.0],[1915.5,3871.0],[1915.5,3870.0],[1915.5,3869.0],[1915.5,3868.0],[1915.5,3867.0],[1915.5,3866.0],[1915.5,3865.0],[1915.5,3864.0],[1915.5,3863.0],[1915.5,3862.0],[1915.5,3861.0],[1915.5,3860.0],[1915.5,3859.0],[1915.5,3858.0],[1915.5,3857.0],[1916.0,3856.5],[1916.5,3857.0],[1916.5,3858.0],[1916.5,3859.0],[1916.5,3860.0],[1916.5,3861.0],[1916.5,3862.0],[1916.5,3863.0],[1916.5,3864.0],[1916.5,3865.0],[1916.5,3866.0],[1916.5,3867.0],[1916.5,3868.0],[1916.5,3869.0],[1916.5,3870.0],[1916.5,3871.0],[1916.5,3872.0],[1916.5,3873.0],[1916.5,3874.0],[1916.5,3875.0],[1916.5,3876.0],[1916.5,3877.0],[1916.5,3878.0],[1916.5,3879.0],[1916.5,3880.0],[1916.5,3881.0],[1916.5,3882.0],[1916.5,3883.0],[1916.5,3884.0],[1916.5,3885.0],[1916.0,3885.5]]",243110.98248672,431095.12754822,103.76220131,105.461439,0.05600975,15.417722,0.03022101,,원본사진/DJI_20260826094700_0360_V.JPG,"[""512원본타일/DJI_20260826094700_0360_V__x01536_y03584.png""]","[""512라벨오버레이/DJI_20260826094700_0360_V__x01536_y03584.png""]"
DJI_20260826112900_0100_V.JPG,D000495,CRC,균열,"[[3801.0,1714.5],[3800.0,1714.5],[3799.0,1714.5],[3798.0,1714.5],[3797.0,1714.5],[3796.0,1714.5],[3795.0,1714.5],[3794.0,1714.5],[3793.0,1714.5],[3792.0,1714.5],[3791.0,1714.5],[3790.0,1714.5],[3789.0,1714.5],[3788.0,1714.5],[3787.0,1714.5],[3786.0,1714.5],[3785.0,1714.5],[3784.5,1714.0],[3785.0,1713.5],[3786.0,1713.5],[3787.0,1713.5],[3788.0,1713.5],[3789.0,1713.5],[3790.0,1713.5],[3791.0,1713.5],[3792.0,1713.5],[3793.0,1713.5],[3794.0,1713.5],[3795.0,1713.5],[3796.0,1713.5],[3797.0,1713.5],[3798.0,1713.5],[3799.0,1713.5],[3800.0,1713.5],[3801.0,1713.5],[3801.5,1714.0],[3801.0,1714.5]]",243079.58727837,431165.87886429,89.07594776,120.150833,0.66391942,32.120174,0.17334143,,원본사진/DJI_20260826112900_0100_V.JPG,"[""512원본타일/DJI_20260826112900_0100_V__x03584_y01536.png""]","[""512라벨오버레이/DJI_20260826112900_0100_V__x03584_y01536.png""]"
DJI_20260826112900_0100_V.JPG,D000496,CRC,균열,"[[3990.0,1931.5],[3989.0,1931.5],[3988.0,1931.5],[3987.0,1931.5],[3986.0,1931.5],[3985.0,1931.5],[3984.0,1931.5],[3983.0,1931.5],[3982.0,1931.5],[3981.0,1931.5],[3980.0,1931.5],[3979.0,1931.5],[3978.0,1931.5],[3977.0,1931.5],[3976.0,1931.5],[3975.0,1931.5],[3974.0,1931.5],[3973.0,1931.5],[3972.0,1931.5],[3971.0,1931.5],[3970.0,1931.5],[3969.0,1931.5],[3968.0,1931.5],[3967.0,1931.5],[3966.0,1931.5],[3965.0,1931.5],[3964.0,1931.5],[3963.0,1931.5],[3962.0,1931.5],[3961.0,1931.5],[3960.0,1931.5],[3959.0,1931.5],[3958.0,1931.5],[3957.0,1931.5],[3956.0,1931.5],[3955.0,1931.5],[3954.0,1931.5],[3953.0,1931.5],[3952.0,1931.5],[3951.0,1931.5],[3950.0,1931.5],[3949.5,1931.0],[3950.0,1930.5],[3951.0,1930.5],[3952.0,1930.5],[3953.0,1930.5],[3954.0,1930.5],[3955.0,1930.5],[3956.0,1930.5],[3957.0,1930.5],[3958.0,1930.5],[3959.0,1930.5],[3960.0,1930.5],[3961.0,1930.5],[3962.0,1930.5],[3963.0,1930.5],[3964.0,1930.5],[3965.0,1930.5],[3966.0,1930.5],[3967.0,1930.5],[3968.0,1930.5],[3969.0,1930.5],[3970.0,1930.5],[3971.0,1930.5],[3972.0,1930.5],[3973.0,1930.5],[3974.0,1930.5],[3975.0,1930.5],[3976.0,1930.5],[3977.0,1930.5],[3978.0,1930.5],[3979.0,1930.5],[3980.0,1930.5],[3981.0,1930.5],[3982.0,1930.5],[3983.0,1930.5],[3984.0,1930.5],[3985.0,1930.5],[3986.0,1930.5],[3987.0,1930.5],[3988.0,1930.5],[3989.0,1930.5],[3990.0,1930.5]]",243079.27578926,431165.50618458,88.16348743,250.850857,1.34265824,74.682296,0.39962806,,원본사진/DJI_20260826112900_0100_V.JPG,"[""512원본타일/DJI_20260826112900_0100_V__x03584_y01536.png""]","[""512라벨오버레이/DJI_20260826112900_0100_V__x03584_y01536.png""]"
DJI_20260826112900_0100_V.JPG,D000499,CRC,균열,"[[4091.0,2134.5],[4090.0,2134.5],[4089.0,2134.5],[4088.0,2134.5],[4087.0,2134.5],[4086.0,2134.5],[4085.0,2134.5],[4084.0,2134.5],[4083.0,2134.5],[4082.0,2134.5],[4081.0,2134.5],[4080.0,2134.5],[4079.0,2134.5],[4078.0,2134.5],[4077.0,2134.5],[4076.0,2134.5],[4075.0,2134.5],[4074.0,2134.5],[4073.0,2134.5],[4072.0,2134.5],[4071.0,2134.5],[4070.0,2134.5],[4069.0,2134.5],[4068.0,2134.5],[4067.0,2134.5],[4066.5,2134.0],[4067.0,2133.5],[4068.0,2133.5],[4069.0,2133.5],[4070.0,2133.5],[4071.0,2133.5],[4072.0,2133.5],[4073.0,2133.5],[4074.0,2133.5],[4075.0,2133.5],[4076.0,2133.5],[4077.0,2133.5],[4078.0,2133.5],[4079.0,2133.5],[4080.0,2133.5],[4081.0,2133.5],[4082.0,2133.5],[4083.0,2133.5],[4084.0,2133.5],[4085.0,2133.5],[4086.0,2133.5],[4087.0,2133.5],[4088.0,2133.5],[4089.0,2133.5],[4090.0,2133.5],[4091.0,2133.5],[4091.5,2134.0],[4091.0,2134.5]]",243077.62646198,431164.77852821,86.9738245,181.381222,1.23842189,10.382618,0.04840197,,원본사진/DJI_20260826112900_0100_V.JPG,"[""512원본타일/DJI_20260826112900_0100_V__x03584_y02048.png"",""512원본타일/DJI_20260826112900_0100_V__x04096_y02048.png""]","[""512라벨오버레이/DJI_20260826112900_0100_V__x03584_y02048.png"",""512라벨오버레이/DJI_20260826112900_0100_V__x04096_y02048.png""]"
DJI_20260826114456_1000_V.JPG,D000510,CRC,균열,"[[1814.0,1351.5],[1813.0,1351.5],[1812.0,1351.5],[1811.0,1351.5],[1810.0,1351.5],[1809.0,1351.5],[1808.0,1351.5],[1807.0,1351.5],[1806.0,1351.5],[1805.0,1351.5],[1804.0,1351.5],[1803.0,1351.5],[1802.0,1351.5],[1801.0,1351.5],[1800.0,1351.5],[1799.0,1351.5],[1798.0,1351.5],[1797.0,1351.5],[1796.0,1351.5],[1795.0,1351.5],[1794.0,1351.5],[1793.0,1351.5],[1792.0,1351.5],[1791.0,1351.5],[1790.0,1351.5],[1789.0,1351.5],[1788.0,1351.5],[1787.0,1351.5],[1786.0,1351.5],[1785.0,1351.5],[1784.0,1351.5],[1783.0,1351.5],[1782.0,1351.5],[1781.0,1351.5],[1780.0,1351.5],[1779.0,1351.5],[1778.0,1351.5],[1777.0,1351.5],[1776.0,1351.5],[1775.5,1351.0],[1776.0,1350.5],[1777.0,1350.5],[1778.0,1350.5],[1779.0,1350.5],[1780.0,1350.5],[1781.0,1350.5],[1782.0,1350.5],[1783.0,1350.5],[1784.0,1350.5],[1785.0,1350.5],[1786.0,1350.5],[1787.0,1350.5],[1788.0,1350.5],[1789.0,1350.5],[1790.0,1350.5],[1791.0,1350.5],[1792.0,1350.5],[1793.0,1350.5],[1794.0,1350.5],[1795.0,1350.5],[1796.0,1350.5],[1797.0,1350.5],[1798.0,1350.5],[1799.0,1350.5],[1800.0,1350.5],[1801.0,1350.5],[1802.0,1350.5],[1803.0,1350.5],[1804.0,1350.5],[1805.0,1350.5],[1806.0,1350.5],[1807.0,1350.5],[1808.0,1350.5],[1809.0,1350.5],[1810.0,1350.5],[1811.0,1350.5],[1812.0,1350.5],[1813.0,1350.5],[1814.0,1350.5],[1814.5,1351.0],[1814.0,1351.5]]",243085.88325119,431138.19491577,84.29327965,121.223553,0.57114207,5.171117,0.04296558,,원본사진/DJI_20260826114456_1000_V.JPG,"[""512원본타일/DJI_20260826114456_1000_V__x01536_y01024.png""]","[""512라벨오버레이/DJI_20260826114456_1000_V__x01536_y01024.png""]"
DJI_20260826114456_1000_V.JPG,D000514,CRC,균열,"[[1737.0,2227.5],[1736.0,2227.5],[1735.0,2227.5],[1734.0,2227.5],[1733.0,2227.5],[1732.0,2227.5],[1731.0,2227.5],[1730.0,2227.5],[1729.0,2227.5],[1728.0,2227.5],[1727.0,2227.5],[1726.0,2227.5],[1725.0,2227.5],[1724.0,2227.5],[1723.5,2227.0],[1724.0,2226.5],[1725.0,2226.5],[1726.0,2226.5],[1727.0,2226.5],[1728.0,2226.5],[1729.0,2226.5],[1730.0,2226.5],[1731.0,2226.5],[1732.0,2226.5],[1733.0,2226.5],[1734.0,2226.5],[1735.0,2226.5],[1736.0,2226.5],[1737.0,2226.5],[1737.5,2227.0],[1737.0,2227.5]]",243081.88472366,431137.1756134,80.51755118,221.706549,0.80439311,19.375328,0.08821702,,원본사진/DJI_20260826114456_1000_V.JPG,"[""512원본타일/DJI_20260826114456_1000_V__x01536_y02048.png""]","[""512라벨오버레이/DJI_20260826114456_1000_V__x01536_y02048.png""]"
DJI_20260826114456_1000_V.JPG,D000515,CRC,균열,"[[2063.0,2243.5],[2062.0,2243.5],[2061.0,2243.5],[2060.0,2243.5],[2059.0,2243.5],[2058.0,2243.5],[2057.0,2243.5],[2056.0,2243.5],[2055.0,2243.5],[2054.0,2243.5],[2053.0,2243.5],[2052.0,2243.5],[2051.0,2243.5],[2050.0,2243.5],[2049.0,2243.5],[2048.0,2243.5],[2047.0,2243.5],[2046.0,2243.5],[2045.0,2243.5],[2044.0,2243.5],[2043.0,2243.5],[2042.0,2243.5],[2041.0,2243.5],[2040.0,2243.5],[2039.0,2243.5],[2038.0,2243.5],[2037.0,2243.5],[2036.0,2243.5],[2035.0,2243.5],[2034.0,2243.5],[2033.0,2243.5],[2032.5,2243.0],[2033.0,2242.5],[2034.0,2242.5],[2035.0,2242.5],[2036.0,2242.5],[2037.0,2242.5],[2038.0,2242.5],[2039.0,2242.5],[2040.0,2242.5],[2041.0,2242.5],[2042.0,2242.5],[2043.0,2242.5],[2044.0,2242.5],[2045.0,2242.5],[2046.0,2242.5],[2047.0,2242.5],[2048.0,2242.5],[2049.0,2242.5],[2050.0,2242.5],[2051.0,2242.5],[2052.0,2242.5],[2053.0,2242.5],[2054.0,2242.5],[2055.0,2242.5],[2056.0,2242.5],[2057.0,2242.5],[2058.0,2242.5],[2059.0,2242.5],[2060.0,2242.5],[2061.0,2242.5],[2062.0,2242.5],[2063.0,2242.5],[2063.5,2243.0],[2063.0,2243.5]]",243082.04072952,431136.20059204,80.38149714,287.059596,1.02188708,27.273775,0.17505295,,원본사진/DJI_20260826114456_1000_V.JPG,"[""512원본타일/DJI_20260826114456_1000_V__x01536_y02048.png"",""512원본타일/DJI_20260826114456_1000_V__x02048_y02048.png""]","[""512라벨오버레이/DJI_20260826114456_1000_V__x01536_y02048.png"",""512라벨오버레이/DJI_20260826114456_1000_V__x02048_y02048.png""]"
DJI_20260826114456_1000_V.JPG,D000516,CRC,균열,"[[4671.0,3300.5],[4670.0,3300.5],[4669.0,3300.5],[4668.0,3300.5],[4667.0,3300.5],[4666.0,3300.5],[4665.0,3300.5],[4664.0,3300.5],[4663.0,3300.5],[4662.0,3300.5],[4661.0,3300.5],[4660.0,3300.5],[4659.0,3300.5],[4658.0,3300.5],[4657.0,3300.5],[4656.0,3300.5],[4655.0,3300.5],[4654.0,3300.5],[4653.0,3300.5],[4652.0,3300.5],[4651.5,3300.0],[4652.0,3299.5],[4653.0,3299.5],[4654.0,3299.5],[4655.0,3299.5],[4656.0,3299.5],[4657.0,3299.5],[4658.0,3299.5],[4659.0,3299.5],[4660.0,3299.5],[4661.0,3299.5],[4662.0,3299.5],[4663.0,3299.5],[4664.0,3299.5],[4665.0,3299.5],[4666.0,3299.5],[4667.0,3299.5],[4668.0,3299.5],[4669.0,3299.5],[4670.0,3299.5],[4671.0,3299.5],[4671.5,3300.0],[4671.0,3300.5]]",243077.76483536,431128.88357925,78.49513531,388.624921,0.95882704,41.558959,0.09158373,,원본사진/DJI_20260826114456_1000_V.JPG,"[""512원본타일/DJI_20260826114456_1000_V__x04096_y03072.png"",""512원본타일/DJI_20260826114456_1000_V__x04608_y03072.png""]","[""512라벨오버레이/DJI_20260826114456_1000_V__x04096_y03072.png"",""512라벨오버레이/DJI_20260826114456_1000_V__x04608_y03072.png""]"
DJI_20260826120100_0500_V.JPG,D000523,CRC,균열,"[[644.0,804.5],[643.0,804.5],[642.0,804.5],[641.0,804.5],[640.0,804.5],[639.0,804.5],[638.0,804.5],[637.5,804.0],[638.0,803.5],[639.0,803.5],[640.0,803.5],[641.0,803.5],[642.0,803.5],[643.0,803.5],[644.0,803.5],[644.5,804.0],[644.0,804.5]]",243071.90442753,431155.68936348,81.35448217,314.227238,0.67052138,16.061667,0.03817732,,원본사진/DJI_20260826120100_0500_V.JPG,"[""512원본타일/DJI_20260826120100_0500_V__x00512_y00512.png""]","[""512라벨오버레이/DJI_20260826120100_0500_V__x00512_y00512.png""]"
DJI_20260826120100_0500_V.JPG,D000524,CRC,균열,"[[48.0,1175.5],[47.0,1175.5],[46.0,1175.5],[45.0,1175.5],[44.0,1175.5],[43.0,1175.5],[42.0,1175.5],[41.0,1175.5],[40.0,1175.5],[39.0,1175.5],[38.0,1175.5],[37.0,1175.5],[36.0,1175.5],[35.0,1175.5],[34.5,1175.0],[35.0,1174.5],[36.0,1174.5],[37.0,1174.5],[38.0,1174.5],[39.0,1174.5],[40.0,1174.5],[41.0,1174.5],[42.0,1174.5],[43.0,1174.5],[44.0,1174.5],[45.0,1174.5],[46.0,1174.5],[47.0,1174.5],[48.0,1174.5],[48.5,1175.0],[48.0,1175.5]]",243071.09992409,431156.64524651,80.42452335,121.256373,0.26524231,16.291146,0.03558134,,원본사진/DJI_20260826120100_0500_V.JPG,"[""512원본타일/DJI_20260826120100_0500_V__x00000_y01024.png""]","[""512라벨오버레이/DJI_20260826120100_0500_V__x00000_y01024.png""]"
DJI_20260826120100_0500_V.JPG,D000526,CRC,균열,"[[292.0,1250.5],[291.0,1250.5],[290.0,1250.5],[289.0,1250.5],[288.0,1250.5],[287.0,1250.5],[286.0,1250.5],[285.0,1250.5],[284.0,1250.5],[283.0,1250.5],[282.5,1250.0],[283.0,1249.5],[284.0,1249.5],[285.0,1249.5],[286.0,1249.5],[287.0,1249.5],[288.0,1249.5],[289.0,1249.5],[290.0,1249.5],[291.0,1249.5],[292.0,1249.5],[292.5,1250.0],[292.0,1250.5]]",243071.33669567,431156.38854408,80.35857773,145.897295,0.28658923,16.941919,0.03824937,,원본사진/DJI_20260826120100_0500_V.JPG,"[""512원본타일/DJI_20260826120100_0500_V__x00000_y01024.png""]","[""512라벨오버레이/DJI_20260826120100_0500_V__x00000_y01024.png""]"
DJI_20260826120100_0500_V.JPG,D000527,CRC,균열,"[[3297.0,1352.5],[3296.0,1352.5],[3295.0,1352.5],[3294.0,1352.5],[3293.0,1352.5],[3292.0,1352.5],[3291.0,1352.5],[3290.0,1352.5],[3289.0,1352.5],[3288.0,1352.5],[3287.0,1352.5],[3286.0,1352.5],[3285.0,1352.5],[3284.0,1352.5],[3283.0,1352.5],[3282.0,1352.5],[3281.0,1352.5],[3280.0,1352.5],[3279.0,1352.5],[3278.5,1352.0],[3279.0,1351.5],[3280.0,1351.5],[3281.0,1351.5],[3282.0,1351.5],[3283.0,1351.5],[3284.0,1351.5],[3285.0,1351.5],[3286.0,1351.5],[3287.0,1351.5],[3288.0,1351.5],[3289.0,1351.5],[3290.0,1351.5],[3291.0,1351.5],[3292.0,1351.5],[3293.0,1351.5],[3294.0,1351.5],[3295.0,1351.5],[3296.0,1351.5],[3297.0,1351.5],[3297.5,1352.0],[3297.0,1352.5]]",243078.02810955,431149.70088387,81.00343943,118.127246,0.44892112,8.765552,0.04958698,,원본사진/DJI_20260826120100_0500_V.JPG,"[""512원본타일/DJI_20260826120100_0500_V__x03072_y01024.png""]","[""512라벨오버레이/DJI_20260826120100_0500_V__x03072_y01024.png""]"
DJI_20260826120100_0500_V.JPG,D000528,CRC,균열,"[[226.0,1925.5],[225.0,1925.5],[224.0,1925.5],[223.0,1925.5],[222.0,1925.5],[221.0,1925.5],[220.0,1925.5],[219.0,1925.5],[218.0,1925.5],[217.0,1925.5],[216.0,1925.5],[215.0,1925.5],[214.0,1925.5],[213.0,1925.5],[212.0,1925.5],[211.0,1925.5],[210.0,1925.5],[209.0,1925.5],[208.0,1925.5],[207.5,1925.0],[208.0,1924.5],[209.0,1924.5],[210.0,1924.5],[211.0,1924.5],[212.0,1924.5],[213.0,1924.5],[214.0,1924.5],[215.0,1924.5],[216.0,1924.5],[217.0,1924.5],[218.0,1924.5],[219.0,1924.5],[220.0,1924.5],[221.0,1924.5],[222.0,1924.5],[223.0,1924.5],[224.0,1924.5],[225.0,1924.5],[226.0,1924.5],[226.5,1925.0],[226.0,1925.5]]",243071.2000494,431156.41885757,78.8069942,162.571925,0.56442873,12.008759,0.02671994,,원본사진/DJI_20260826120100_0500_V.JPG,"[""512원본타일/DJI_20260826120100_0500_V__x00000_y01536.png""]","[""512라벨오버레이/DJI_20260826120100_0500_V__x00000_y01536.png""]"
DJI_20260826120100_0500_V.JPG,D000529,CRC,균열,"[[3484.0,2654.5],[3483.5,2654.0],[3483.5,2653.0],[3483.5,2652.0],[3483.5,2651.0],[3483.5,2650.0],[3483.5,2649.0],[3483.5,2648.0],[3483.5,2647.0],[3483.5,2646.0],[3483.5,2645.0],[3483.5,2644.0],[3483.5,2643.0],[3483.5,2642.0],[3483.5,2641.0],[3483.5,2640.0],[3483.5,2639.0],[3483.5,2638.0],[3483.5,2637.0],[3483.5,2636.0],[3483.5,2635.0],[3483.5,2634.0],[3483.5,2633.0],[3483.5,2632.0],[3483.5,2631.0],[3483.5,2630.0],[3483.5,2629.0],[3483.5,2628.0],[3483.5,2627.0],[3483.5,2626.0],[3484.0,2625.5],[3484.5,2626.0],[3484.5,2627.0],[3484.5,2628.0],[3484.5,2629.0],[3484.5,2630.0],[3484.5,2631.0],[3484.5,2632.0],[3484.5,2633.0],[3484.5,2634.0],[3484.5,2635.0],[3484.5,2636.0],[3484.5,2637.0],[3484.5,2638.0],[3484.5,2639.0],[3484.5,2640.0],[3484.5,2641.0],[3484.5,2642.0],[3484.5,2643.0],[3484.5,2644.0],[3484.5,2645.0],[3484.5,2646.0],[3484.5,2647.0],[3484.5,2648.0],[3484.5,2649.0],[3484.5,2650.0],[3484.5,2651.0],[3484.5,2652.0],[3484.5,2653.0],[3484.5,2654.0],[3484.0,2654.5]]",243074.77830124,431149.29353523,77.50709307,545.378026,1.75591108,17.763558,0.0534174,,원본사진/DJI_20260826120100_0500_V.JPG,"[""512원본타일/DJI_20260826120100_0500_V__x03072_y02048.png"",""512원본타일/DJI_20260826120100_0500_V__x03072_y02560.png""]","[""512라벨오버레이/DJI_20260826120100_0500_V__x03072_y02048.png"",""512라벨오버레이/DJI_20260826120100_0500_V__x03072_y02560.png""]"
DJI_20260826120100_0500_V.JPG,D000530,CRC,균열,"[[3645.0,3853.5],[3644.5,3853.0],[3644.5,3852.0],[3644.5,3851.0],[3644.5,3850.0],[3644.5,3849.0],[3644.5,3848.0],[3644.5,3847.0],[3645.0,3846.5],[3645.5,3847.0],[3645.5,3848.0],[3645.5,3849.0],[3645.5,3850.0],[3645.5,3851.0],[3645.5,3852.0],[3645.5,3853.0],[3645.0,3853.5]]",243072.42734051,431148.90670013,74.63126802,100.084625,0.19023346,12.346359,0.02937777,,원본사진/DJI_20260826120100_0500_V.JPG,"[""512원본타일/DJI_20260826120100_0500_V__x03584_y03584.png""]","[""512라벨오버레이/DJI_20260826120100_0500_V__x03584_y03584.png""]"
DJI_20260826120256_0600_V.JPG,D000543,CRC,균열,"[[3539.0,743.5],[3538.0,743.5],[3537.0,743.5],[3536.0,743.5],[3535.0,743.5],[3534.0,743.5],[3533.0,743.5],[3532.0,743.5],[3531.0,743.5],[3530.0,743.5],[3529.0,743.5],[3528.0,743.5],[3527.0,743.5],[3526.0,743.5],[3525.0,743.5],[3524.0,743.5],[3523.0,743.5],[3522.0,743.5],[3521.0,743.5],[3520.0,743.5],[3519.0,743.5],[3518.0,743.5],[3517.0,743.5],[3516.0,743.5],[3515.0,743.5],[3514.0,743.5],[3513.0,743.5],[3512.0,743.5],[3511.0,743.5],[3510.0,743.5],[3509.0,743.5],[3508.0,743.5],[3507.0,743.5],[3506.0,743.5],[3505.0,743.5],[3504.0,743.5],[3503.0,743.5],[3502.0,743.5],[3501.0,743.5],[3500.5,743.0],[3501.0,742.5],[3502.0,742.5],[3503.0,742.5],[3504.0,742.5],[3505.0,742.5],[3506.0,742.5],[3507.0,742.5],[3508.0,742.5],[3509.0,742.5],[3510.0,742.5],[3511.0,742.5],[3512.0,742.5],[3513.0,742.5],[3514.0,742.5],[3515.0,742.5],[3516.0,742.5],[3517.0,742.5],[3518.0,742.5],[3519.0,742.5],[3520.0,742.5],[3521.0,742.5],[3522.0,742.5],[3523.0,742.5],[3524.0,742.5],[3525.0,742.5],[3526.0,742.5],[3527.0,742.5],[3528.0,742.5],[3529.0,742.5],[3530.0,742.5],[3531.0,742.5],[3532.0,742.5],[3533.0,742.5],[3534.0,742.5],[3535.0,742.5],[3536.0,742.5],[3537.0,742.5],[3538.0,742.5],[3539.0,742.5],[3539.5,743.0],[3539.0,743.5]]",243053.8013134,431184.89204884,80.03837252,219.761008,0.43440595,12.298608,0.02366458,,원본사진/DJI_20260826120256_0600_V.JPG,"[""512원본타일/DJI_20260826120256_0600_V__x03072_y00512.png"",""512원본타일/DJI_20260826120256_0600_V__x03584_y00512.png""]","[""512라벨오버레이/DJI_20260826120256_0600_V__x03072_y00512.png"",""512라벨오버레이/DJI_20260826120256_0600_V__x03584_y00512.png""]"
DJI_20260826120256_0600_V.JPG,D000544,CRC,균열,"[[3687.0,747.5],[3686.0,747.5],[3685.0,747.5],[3684.0,747.5],[3683.0,747.5],[3682.0,747.5],[3681.0,747.5],[3680.0,747.5],[3679.0,747.5],[3678.0,747.5],[3677.0,747.5],[3676.0,747.5],[3675.0,747.5],[3674.0,747.5],[3673.0,747.5],[3672.0,747.5],[3671.0,747.5],[3670.0,747.5],[3669.0,747.5],[3668.5,747.0],[3669.0,746.5],[3670.0,746.5],[3671.0,746.5],[3672.0,746.5],[3673.0,746.5],[3674.0,746.5],[3675.0,746.5],[3676.0,746.5],[3677.0,746.5],[3678.0,746.5],[3679.0,746.5],[3680.0,746.5],[3681.0,746.5],[3682.0,746.5],[3683.0,746.5],[3684.0,746.5],[3685.0,746.5],[3686.0,746.5],[3687.0,746.5],[3687.5,747.0],[3687.0,747.5]]",243053.99772835,431184.50677967,80.06765151,141.021224,0.26435201,13.620039,0.02938758,,원본사진/DJI_20260826120256_0600_V.JPG,"[""512원본타일/DJI_20260826120256_0600_V__x03584_y00512.png""]","[""512라벨오버레이/DJI_20260826120256_0600_V__x03584_y00512.png""]"
DJI_20260826120256_0600_V.JPG,D000551,CRC,균열,"[[2468.0,1158.5],[2467.0,1158.5],[2466.0,1158.5],[2465.0,1158.5],[2464.0,1158.5],[2463.0,1158.5],[2462.0,1158.5],[2461.0,1158.5],[2460.0,1158.5],[2459.0,1158.5],[2458.0,1158.5],[2457.0,1158.5],[2456.0,1158.5],[2455.0,1158.5],[2454.0,1158.5],[2453.0,1158.5],[2452.0,1158.5],[2451.0,1158.5],[2450.0,1158.5],[2449.0,1158.5],[2448.0,1158.5],[2447.0,1158.5],[2446.0,1158.5],[2445.0,1158.5],[2444.5,1158.0],[2445.0,1157.5],[2446.0,1157.5],[2447.0,1157.5],[2448.0,1157.5],[2449.0,1157.5],[2450.0,1157.5],[2451.0,1157.5],[2452.0,1157.5],[2453.0,1157.5],[2454.0,1157.5],[2455.0,1157.5],[2456.0,1157.5],[2457.0,1157.5],[2458.0,1157.5],[2459.0,1157.5],[2460.0,1157.5],[2461.0,1157.5],[2462.0,1157.5],[2463.0,1157.5],[2464.0,1157.5],[2465.0,1157.5],[2466.0,1157.5],[2467.0,1157.5],[2468.0,1157.5],[2468.5,1158.0],[2468.0,1158.5]]",243056.86654282,431187.86760426,80.06346846,105.201019,0.30696723,13.108009,0.04063208,,원본사진/DJI_20260826120256_0600_V.JPG,"[""512원본타일/DJI_20260826120256_0600_V__x02048_y01024.png""]","[""512라벨오버레이/DJI_20260826120256_0600_V__x02048_y01024.png""]"
DJI_20260826120256_0600_V.JPG,D000555,CRC,균열,"[[4729.0,1849.5],[4728.5,1849.0],[4728.5,1848.0],[4728.5,1847.0],[4728.5,1846.0],[4728.5,1845.0],[4728.5,1844.0],[4728.5,1843.0],[4728.5,1842.0],[4729.0,1841.5],[4729.5,1842.0],[4729.5,1843.0],[4729.5,1844.0],[4729.5,1845.0],[4729.5,1846.0],[4729.5,1847.0],[4729.5,1848.0],[4729.5,1849.0],[4729.0,1849.5]]",243065.17646027,431179.89092922,78.28332126,159.962568,0.85438152,9.975793,0.0558419,,원본사진/DJI_20260826120256_0600_V.JPG,"[""512원본타일/DJI_20260826120256_0600_V__x04608_y01536.png""]","[""512라벨오버레이/DJI_20260826120256_0600_V__x04608_y01536.png""]"
DJI_20260826120256_0600_V.JPG,D000556,CRC,균열,"[[3604.0,1833.5],[3605.0,1833.5],[3606.0,1833.5],[3607.0,1833.5],[3608.0,1833.5],[3609.0,1833.5],[3610.0,1833.5],[3611.0,1833.5],[3612.0,1833.5],[3613.0,1833.5],[3614.0,1833.5],[3615.0,1833.5],[3616.0,1833.5],[3617.0,1833.5],[3618.0,1833.5],[3619.0,1833.5],[3620.0,1833.5],[3621.0,1833.5],[3622.0,1833.5],[3623.0,1833.5],[3624.0,1833.5],[3625.0,1833.5],[3626.0,1833.5],[3627.0,1833.5],[3628.0,1833.5],[3629.0,1833.5],[3630.0,1833.5],[3631.0,1833.5],[3632.0,1833.5],[3633.0,1833.5],[3634.0,1833.5],[3635.0,1833.5],[3636.0,1833.5],[3636.5,1834.0],[3636.0,1834.5],[3635.0,1834.5],[3634.0,1834.5],[3633.0,1834.5],[3632.0,1834.5],[3631.0,1834.5],[3630.0,1834.5],[3629.0,1834.5],[3628.0,1834.5],[3627.0,1834.5],[3626.0,1834.5],[3625.0,1834.5],[3624.0,1834.5],[3623.0,1834.5],[3622.0,1834.5],[3621.0,1834.5],[3620.0,1834.5],[3619.0,1834.5],[3618.0,1834.5],[3617.0,1834.5],[3616.0,1834.5],[3615.0,1834.5],[3614.0,1834.5],[3613.0,1834.5],[3612.0,1834.5],[3611.0,1834.5],[3610.0,1834.5],[3609.0,1834.5],[3608.0,1834.5],[3607.0,1834.5],[3606.0,1834.5],[3605.0,1834.5],[3604.0,1834.5]]",243052.70919514,431184.54371452,77.91210788,141.0,0.26965438,4.0,0.00643342,,원본사진/DJI_20260826120256_0600_V.JPG,"[""512원본타일/DJI_20260826120256_0600_V__x03584_y01536.png""]","[""512라벨오버레이/DJI_20260826120256_0600_V__x03584_y01536.png""]"
DJI_20260826120256_0600_V.JPG,D000557,CRC,균열,"[[3953.0,1833.5],[3952.0,1833.5],[3951.0,1833.5],[3950.0,1833.5],[3949.0,1833.5],[3948.0,1833.5],[3947.0,1833.5],[3946.0,1833.5],[3945.0,1833.5],[3944.0,1833.5],[3943.0,1833.5],[3942.0,1833.5],[3941.0,1833.5],[3940.0,1833.5],[3939.0,1833.5],[3938.0,1833.5],[3937.0,1833.5],[3936.0,1833.5],[3935.0,1833.5],[3934.0,1833.5],[3933.0,1833.5],[3932.0,1833.5],[3931.0,1833.5],[3930.0,1833.5],[3929.0,1833.5],[3928.0,1833.5],[3927.5,1833.0],[3928.0,1832.5],[3929.0,1832.5],[3930.0,1832.5],[3931.0,1832.5],[3932.0,1832.5],[3933.0,1832.5],[3934.0,1832.5],[3935.0,1832.5],[3936.0,1832.5],[3937.0,1832.5],[3938.0,1832.5],[3939.0,1832.5],[3940.0,1832.5],[3941.0,1832.5],[3942.0,1832.5],[3943.0,1832.5],[3944.0,1832.5],[3945.0,1832.5],[3946.0,1832.5],[3947.0,1832.5],[3948.0,1832.5],[3949.0,1832.5],[3950.0,1832.5],[3951.0,1832.5],[3952.0,1832.5],[3953.0,1832.5],[3953.5,1833.0],[3953.0,1833.5]]",243052.03580666,431184.2145195,77.88486388,111.009542,0.50386563,2.97501,0.00477759,,원본사진/DJI_20260826120256_0600_V.JPG,"[""512원본타일/DJI_20260826120256_0600_V__x03584_y01536.png""]","[""512라벨오버레이/DJI_20260826120256_0600_V__x03584_y01536.png""]"
DJI_20260826120256_0600_V.JPG,D000558,CRC,균열,"[[2925.0,1929.5],[2924.5,1929.0],[2924.5,1928.0],[2924.5,1927.0],[2924.5,1926.0],[2924.5,1925.0],[2924.5,1924.0],[2924.5,1923.0],[2924.5,1922.0],[2924.5,1921.0],[2924.5,1920.0],[2924.5,1919.0],[2924.5,1918.0],[2924.5,1917.0],[2924.5,1916.0],[2924.5,1915.0],[2925.0,1914.5],[2925.5,1915.0],[2925.5,1916.0],[2925.5,1917.0],[2925.5,1918.0],[2925.5,1919.0],[2925.5,1920.0],[2925.5,1921.0],[2925.5,1922.0],[2925.5,1923.0],[2925.5,1924.0],[2925.5,1925.0],[2925.5,1926.0],[2925.5,1927.0],[2925.5,1928.0],[2925.5,1929.0],[2925.0,1929.5]]",243053.52761936,431185.92257309,77.7786687,114.346201,0.22378999,6.716344,0.03541077,,원본사진/DJI_20260826120256_0600_V.JPG,"[""512원본타일/DJI_20260826120256_0600_V__x02560_y01536.png""]","[""512라벨오버레이/DJI_20260826120256_0600_V__x02560_y01536.png""]"
DJI_20260826124557_0200_V.JPG,D000584,CRC,균열,"[[873.0,931.5],[872.0,931.5],[871.0,931.5],[870.0,931.5],[869.0,931.5],[868.0,931.5],[867.0,931.5],[866.0,931.5],[865.0,931.5],[864.0,931.5],[863.0,931.5],[862.0,931.5],[861.0,931.5],[860.0,931.5],[859.0,931.5],[858.0,931.5],[857.0,931.5],[856.0,931.5],[855.0,931.5],[854.0,931.5],[853.0,931.5],[852.0,931.5],[851.0,931.5],[850.0,931.5],[849.0,931.5],[848.0,931.5],[847.0,931.5],[846.0,931.5],[845.0,931.5],[844.0,931.5],[843.0,931.5],[842.0,931.5],[841.0,931.5],[840.0,931.5],[839.0,931.5],[838.0,931.5],[837.5,931.0],[838.0,930.5],[839.0,930.5],[840.0,930.5],[841.0,930.5],[842.0,930.5],[843.0,930.5],[844.0,930.5],[845.0,930.5],[846.0,930.5],[847.0,930.5],[848.0,930.5],[849.0,930.5],[850.0,930.5],[851.0,930.5],[852.0,930.5],[853.0,930.5],[854.0,930.5],[855.0,930.5],[856.0,930.5],[857.0,930.5],[858.0,930.5],[859.0,930.5],[860.0,930.5],[861.0,930.5],[862.0,930.5],[863.0,930.5],[864.0,930.5],[865.0,930.5],[866.0,930.5],[867.0,930.5],[868.0,930.5],[869.0,930.5],[870.0,930.5],[871.0,930.5],[872.0,930.5],[873.0,930.5],[873.5,931.0],[873.0,931.5]]",243062.5468111,431176.60907984,74.1288209,884.573758,2.17796815,107.056705,0.44594247,,원본사진/DJI_20260826124557_0200_V.JPG,"[""512원본타일/DJI_20260826124557_0200_V__x00512_y00512.png"",""512원본타일/DJI_20260826124557_0200_V__x00000_y00512.png"",""512원본타일/DJI_20260826124557_0200_V__x01024_y00512.png"",""512원본타일/DJI_20260826124557_0200_V__x00000_y01024.png""]","[""512라벨오버레이/DJI_20260826124557_0200_V__x00512_y00512.png"",""512라벨오버레이/DJI_20260826124557_0200_V__x00000_y00512.png"",""512라벨오버레이/DJI_20260826124557_0200_V__x01024_y00512.png"",""512라벨오버레이/DJI_20260826124557_0200_V__x00000_y01024.png""]"
DJI_20260826125854_0900_V.JPG,D000601,CRC,균열,"[[1894.0,2092.5],[1893.0,2092.5],[1892.0,2092.5],[1891.0,2092.5],[1890.0,2092.5],[1889.0,2092.5],[1888.0,2092.5],[1887.0,2092.5],[1886.0,2092.5],[1885.0,2092.5],[1884.0,2092.5],[1883.0,2092.5],[1882.0,2092.5],[1881.0,2092.5],[1880.0,2092.5],[1879.0,2092.5],[1878.0,2092.5],[1877.0,2092.5],[1876.0,2092.5],[1875.0,2092.5],[1874.5,2092.0],[1875.0,2091.5],[1876.0,2091.5],[1877.0,2091.5],[1878.0,2091.5],[1879.0,2091.5],[1880.0,2091.5],[1881.0,2091.5],[1882.0,2091.5],[1883.0,2091.5],[1884.0,2091.5],[1885.0,2091.5],[1886.0,2091.5],[1887.0,2091.5],[1888.0,2091.5],[1889.0,2091.5],[1890.0,2091.5],[1891.0,2091.5],[1892.0,2091.5],[1893.0,2091.5],[1894.0,2091.5],[1894.5,2092.0],[1894.0,2092.5]]",243074.73398495,431126.48626328,67.89444828,183.115124,0.46629358,19.226369,0.06156018,,원본사진/DJI_20260826125854_0900_V.JPG,"[""512원본타일/DJI_20260826125854_0900_V__x01536_y02048.png""]","[""512라벨오버레이/DJI_20260826125854_0900_V__x01536_y02048.png""]"
